date,nifty50,nifty100,bse500,nifty_midcap
01-01-2015,17208.75,10594.7,11613.46,11553.86
08-01-2015,12066.42,9147.76,15777.11,10216.22
15-01-2015,14249.76,24947.41,8676.76,7004.28
22-01-2015,22020.19,10649.32,20764.34,13735.49
29-01-2015,16450.61,13093.61,12392.1,15737.41
05-02-2015,8920.07,21181.05,19417.31,14177.57
12-02-2015,8872.07,20753.81,17847.46,5170.22
19-02-2015,22276.53,10681.23,21411.73,5920.02
26-02-2015,11808.79,19889.0,9058.62,7404.58
05-03-2015,8178.75,22136.92,7564.26,13223.45
12-03-2015,17316.92,16935.46,12627.37,8894.31
19-03-2015,23311.16,21458.41,20840.99,14540.67
26-03-2015,21264.14,24408.89,13804.67,16789.65
02-04-2015,8689.19,10279.89,14355.62,10901.65
09-04-2015,15011.41,17363.66,15075.59,16317.34
16-04-2015,13534.61,13717.98,17528.43,13430.2
23-04-2015,21277.55,13603.09,7095.91,17272.83
30-04-2015,8707.61,19720.21,11827.48,10505.93
07-05-2015,21408.52,15423.06,9165.57,14807.66
14-05-2015,8323.38,13033.09,15071.1,10690.93
21-05-2015,17923.65,14792.24,12858.77,9532.54
28-05-2015,22196.33,8785.39,21094.63,9656.88
04-06-2015,13838.12,20477.23,12824.15,13016.38
11-06-2015,22458.09,22462.27,14730.5,14316.48
18-06-2015,14278.96,21304.73,9552.75,5593.21
25-06-2015,16651.72,12053.09,17930.89,6317.21
02-07-2015,8135.92,19649.11,14511.99,17376.2
09-07-2015,11959.77,10533.73,7346.59,10775.22
16-07-2015,9613.07,21298.12,8079.79,16969.81
23-07-2015,16653.66,19990.14,8963.76,6163.57
30-07-2015,13658.94,17087.17,15632.53,9287.25
06-08-2015,12362.6,24693.27,11089.93,6793.02
13-08-2015,13751.35,13513.88,13326.03,13108.28
20-08-2015,17650.37,20021.78,9350.28,5597.28
27-08-2015,20652.96,12083.02,11734.98,10923.84
03-09-2015,19460.9,11199.14,20536.03,9179.86
10-09-2015,23722.6,13209.31,17884.8,9896.7
17-09-2015,21385.4,16129.71,20057.98,14801.2
24-09-2015,17376.46,12624.83,10898.02,17888.49
01-10-2015,22806.21,10783.9,10060.97,6388.59
08-10-2015,11221.4,13288.92,19564.4,6237.37
15-10-2015,22113.93,24536.85,11226.1,10931.04
22-10-2015,16469.25,11893.87,17973.65,12539.98
29-10-2015,9794.84,23283.71,11532.89,7031.22
05-11-2015,23709.67,10198.0,7895.45,8088.19
12-11-2015,13108.24,15657.74,17277.55,9754.27
19-11-2015,16949.34,8595.89,12773.5,17284.59
26-11-2015,20397.55,20723.21,11567.74,11346.29
03-12-2015,21512.38,23022.57,17658.15,10935.04
10-12-2015,9170.64,10469.33,7004.39,9669.6
17-12-2015,8374.14,15677.86,15963.12,12746.44
24-12-2015,16884.76,12231.82,14787.83,17737.87
31-12-2015,15113.88,22929.11,12721.08,13099.58
07-01-2016,15709.42,19862.27,20460.67,10731.71
14-01-2016,20118.39,23061.9,18843.17,5319.23
21-01-2016,8003.03,23068.83,17939.7,17455.72
28-01-2016,12679.72,21501.48,19022.83,16145.24
04-02-2016,19072.45,10782.08,17214.14,12858.29
11-02-2016,13338.75,11942.12,20276.5,6845.3
18-02-2016,14755.17,18776.18,21576.95,13722.69
25-02-2016,12878.05,9500.92,11765.55,8806.23
03-03-2016,21105.27,14713.65,8476.72,16309.71
10-03-2016,8288.87,8549.66,14121.3,5899.86
17-03-2016,10833.63,24757.2,19665.48,14932.49
24-03-2016,18732.69,9288.95,19538.63,11125.45
31-03-2016,9573.12,13462.39,14529.52,5178.03
07-04-2016,12038.71,14042.74,13956.87,5025.76
14-04-2016,17047.08,11760.96,15958.76,8108.95
21-04-2016,14443.5,18789.9,16848.59,5397.74
28-04-2016,16561.19,21974.59,10096.35,11915.85
05-05-2016,15161.83,22523.93,13581.45,17269.93
12-05-2016,18438.85,17762.82,11378.79,12754.83
19-05-2016,10099.94,15368.03,11266.42,13713.59
26-05-2016,20223.94,23822.38,10331.51,16501.76
02-06-2016,21535.22,22730.12,18107.14,8480.38
09-06-2016,22045.95,18392.55,18109.18,7668.35
16-06-2016,10518.57,13068.05,14670.56,10416.13
23-06-2016,22201.73,8714.81,8200.73,9230.33
30-06-2016,10683.72,15211.39,17763.9,17914.43
07-07-2016,11233.2,12888.58,18531.08,8536.65
14-07-2016,19260.0,18127.57,19823.41,5433.38
21-07-2016,23675.95,24410.14,7335.82,11493.62
28-07-2016,14422.82,12693.69,21667.39,7269.81
04-08-2016,12216.87,8635.68,15703.35,16190.38
11-08-2016,17950.61,19251.52,7994.81,14292.49
18-08-2016,14544.07,16316.26,15775.23,17679.74
25-08-2016,19970.93,19784.8,13478.4,5447.86
01-09-2016,16618.95,19404.54,17562.85,12902.45
08-09-2016,12805.87,12147.02,8351.41,14136.81
15-09-2016,23532.58,17162.87,17097.74,14003.83
22-09-2016,10583.07,11664.72,10122.66,17126.94
29-09-2016,8249.28,17429.28,12657.66,13571.55
06-10-2016,11527.87,24359.32,11968.23,17037.05
13-10-2016,17427.21,15338.61,18008.28,12189.84
20-10-2016,10217.32,20124.07,15692.41,12353.38
27-10-2016,19810.33,19282.42,12493.64,9140.35
03-11-2016,12013.1,17989.9,11498.32,6565.44
10-11-2016,20523.16,11950.68,9473.15,16037.01
17-11-2016,19234.05,21141.59,12255.41,13026.67
24-11-2016,22915.11,13164.5,8034.43,7221.41
01-12-2016,22359.46,13145.26,14368.79,11949.4
08-12-2016,23360.22,13474.4,14820.87,17455.62
15-12-2016,11221.52,18365.11,7954.1,8418.68
22-12-2016,9107.44,13947.52,10096.51,15379.4
29-12-2016,15414.33,15182.5,17384.85,17313.59
05-01-2017,12824.69,9601.39,8646.7,16143.8
12-01-2017,21533.68,16343.53,9214.64,11844.36
19-01-2017,18694.75,13981.9,8237.77,9185.24
26-01-2017,19049.18,24643.07,9851.35,16889.22
02-02-2017,15305.97,19443.1,19955.48,12246.99
09-02-2017,8983.38,12885.35,19043.59,12187.59
16-02-2017,13265.19,18124.48,11028.55,8133.13
23-02-2017,21254.29,15101.12,11109.83,10319.29
02-03-2017,22730.13,11483.01,9778.44,9598.94
09-03-2017,8967.02,9736.2,7164.68,6900.43
16-03-2017,18246.2,11741.03,12666.85,14172.61
23-03-2017,8509.17,11949.47,21938.32,12760.5
30-03-2017,18559.67,17014.79,21488.39,6875.86
06-04-2017,9077.96,21966.74,7061.45,12300.3
13-04-2017,8022.6,14246.04,16763.3,12115.24
20-04-2017,16957.8,11096.21,11420.99,14230.38
27-04-2017,8372.75,18322.17,14755.98,9471.44
04-05-2017,13356.4,21682.63,12729.95,6038.18
11-05-2017,23392.63,10651.09,18961.81,5181.26
18-05-2017,13830.37,17000.48,7446.74,14543.13
25-05-2017,12169.3,17429.28,18884.91,12684.48
01-06-2017,15289.81,14045.85,7676.58,16869.27
08-06-2017,17470.9,18920.34,13607.69,9845.26
15-06-2017,8746.48,11288.36,13383.23,8142.16
22-06-2017,8711.07,17509.23,13961.71,10477.85
29-06-2017,20547.67,18392.21,7021.23,14904.83
06-07-2017,15721.4,17027.43,20343.59,6419.86
13-07-2017,17590.46,13155.64,7550.67,10685.96
20-07-2017,12537.81,8524.63,14394.17,9044.6
27-07-2017,14945.97,8693.56,13026.73,11115.26
03-08-2017,15456.34,20329.28,21869.3,5362.21
10-08-2017,14336.42,22635.84,16385.45,17786.82
17-08-2017,19414.66,20450.08,8141.27,8578.31
24-08-2017,17340.96,17119.48,18438.87,17917.55
31-08-2017,11308.87,15568.59,20002.6,15895.94
07-09-2017,21075.09,18736.49,21897.9,9652.74
14-09-2017,9860.72,10687.24,13535.38,15464.35
21-09-2017,15245.54,18587.82,12370.32,14292.81
28-09-2017,10450.27,17081.91,9776.94,11091.7
05-10-2017,14887.9,18475.28,14643.18,17684.63
12-10-2017,22404.99,13352.29,8817.65,5841.77
19-10-2017,11167.9,12164.77,20330.22,17022.93
26-10-2017,11687.52,21019.06,19536.46,9907.64
02-11-2017,21945.51,24812.76,21516.93,14644.79
09-11-2017,13946.6,12245.59,21893.05,8590.27
16-11-2017,15014.12,12858.05,14441.78,6434.95
23-11-2017,20944.9,16834.27,13292.54,9720.88
30-11-2017,17276.55,21368.15,20538.41,15939.74
07-12-2017,15128.21,22260.87,14929.23,13296.32
14-12-2017,18792.97,15094.75,14290.8,14003.66
21-12-2017,12926.85,20824.07,12311.55,12611.36
28-12-2017,21401.96,8882.88,10605.1,12295.18
04-01-2018,9697.64,11892.43,18236.34,5335.7
11-01-2018,17760.59,9063.59,8738.86,10074.43
18-01-2018,23436.3,17506.48,11683.36,10347.24
25-01-2018,17100.36,18720.37,11018.55,7564.83
01-02-2018,15924.95,19140.05,19248.7,12706.34
08-02-2018,19078.95,16485.66,15500.79,13260.82
15-02-2018,11781.3,23912.22,12180.08,12860.95
22-02-2018,16975.27,22580.2,8704.07,16495.0
01-03-2018,10192.24,10884.75,19933.82,8342.32
08-03-2018,17788.58,16149.58,21013.99,15167.09
15-03-2018,13359.9,21921.77,10386.83,13002.43
22-03-2018,20025.34,20102.11,16850.23,15789.59
29-03-2018,16899.34,23817.74,9172.15,9624.21
05-04-2018,20527.87,13582.92,13644.24,15047.43
12-04-2018,16617.12,11595.69,9622.58,8916.02
19-04-2018,12848.2,10755.13,19519.91,8674.15
26-04-2018,20835.94,24561.93,11979.42,17613.0
03-05-2018,11059.21,19182.98,21867.7,15508.83
10-05-2018,11675.21,12745.99,10936.46,17258.9
17-05-2018,11926.59,16908.65,12248.34,9696.5
24-05-2018,14531.49,14193.24,15998.91,10531.13
31-05-2018,15056.19,16848.9,12342.68,14809.27
07-06-2018,16055.72,16901.98,10147.68,5400.88
14-06-2018,20948.4,22615.45,10618.7,9680.42
21-06-2018,13728.29,19789.5,9808.54,17723.27
28-06-2018,8989.78,24567.16,8031.73,9127.68
05-07-2018,12011.09,12783.97,21920.04,10958.57
12-07-2018,9912.17,24707.62,10639.98,5943.11
19-07-2018,8386.89,16143.31,20774.99,5220.49
26-07-2018,19602.82,12796.96,10285.91,14149.27
02-08-2018,19965.97,17723.75,10033.83,5082.01
09-08-2018,19796.44,18393.64,13338.19,7776.57
16-08-2018,20190.95,9669.77,16640.54,13949.18
23-08-2018,11572.12,16474.86,14802.99,12686.67
30-08-2018,22419.01,17515.85,8009.78,9484.63
06-09-2018,18053.23,13996.82,18519.1,7468.77
13-09-2018,10288.08,12312.04,20141.28,13852.15
20-09-2018,16320.78,13455.57,20778.86,16554.09
27-09-2018,14390.41,20919.94,20703.46,9073.59
04-10-2018,13259.49,17505.8,13125.5,14899.23
11-10-2018,16590.88,11995.62,12345.81,13726.11
18-10-2018,8854.95,14145.76,7241.44,15671.27
25-10-2018,9875.04,9773.88,18798.9,6163.59
01-11-2018,18948.2,14767.75,19325.49,7377.07
08-11-2018,9350.67,12268.72,20982.03,15778.57
15-11-2018,12572.6,11900.88,9352.63,7875.64
22-11-2018,11280.7,23155.1,7299.79,16441.59
29-11-2018,8662.8,22142.77,13386.21,6003.67
06-12-2018,20784.08,12731.26,20170.42,14779.35
13-12-2018,23708.33,22225.9,10614.42,10319.8
20-12-2018,19146.08,13715.07,15197.55,8089.41
27-12-2018,18607.21,14145.21,7827.67,17581.06
03-01-2019,21502.46,13511.33,8944.37,14557.94
10-01-2019,11530.76,18489.99,18686.19,8541.51
17-01-2019,12554.19,9516.61,11797.72,12766.86
24-01-2019,10492.75,24225.87,17836.24,7650.71
31-01-2019,16489.87,14958.77,12735.3,12279.85
07-02-2019,9730.41,12052.67,9245.2,7261.73
14-02-2019,18483.48,24936.72,16766.59,17801.41
21-02-2019,17232.12,13174.59,20084.57,5873.48
28-02-2019,9638.85,24135.8,16752.78,17076.51
07-03-2019,10126.18,21176.31,10522.16,9463.6
14-03-2019,22383.86,15285.71,17058.05,16534.59
21-03-2019,21933.98,8646.97,9373.23,16942.08
28-03-2019,16998.65,16423.3,7978.87,5325.68
04-04-2019,23254.64,16318.54,18796.26,7860.02
11-04-2019,11793.15,17744.21,20140.39,8751.54
18-04-2019,13260.8,17585.37,7600.08,9923.91
25-04-2019,16900.53,8579.64,16570.05,5662.49
02-05-2019,19519.34,21727.69,19581.92,13754.05
09-05-2019,16985.13,13574.76,13369.21,6131.73
16-05-2019,19313.62,8907.29,13201.56,11580.74
23-05-2019,18401.43,14162.78,13641.82,12635.89
30-05-2019,22770.8,19587.54,10816.52,16014.43
06-06-2019,8881.03,12992.93,8622.28,10811.5
13-06-2019,18190.84,17261.42,19168.93,12377.35
20-06-2019,11722.67,17350.96,18032.34,11538.39
27-06-2019,15071.51,17230.11,15220.87,9037.24
04-07-2019,21667.62,11926.77,7492.48,14639.4
11-07-2019,21477.02,19105.15,14034.18,17677.67
18-07-2019,13932.16,15197.31,15866.69,10595.55
25-07-2019,16884.77,24448.3,10562.48,6931.32
01-08-2019,14776.82,16815.98,17697.95,17417.25
08-08-2019,19018.73,24788.39,10695.08,7715.57
15-08-2019,12904.56,21487.54,9797.72,7550.47
22-08-2019,14587.77,13739.48,16697.17,16572.17
29-08-2019,10218.57,17521.46,8326.01,7879.41
05-09-2019,12945.62,18055.2,15323.18,13359.86
12-09-2019,21102.5,11589.29,18150.74,13671.27
19-09-2019,9275.38,14187.47,7415.49,6172.4
26-09-2019,12540.59,12511.42,20502.61,16619.25
03-10-2019,17245.88,20628.09,21994.02,10332.51
10-10-2019,16358.81,19243.97,20808.37,15361.22
17-10-2019,9030.75,20263.68,10779.03,8313.72
24-10-2019,16755.81,19988.96,9388.42,9088.65
31-10-2019,19457.94,11008.03,19745.63,10928.56
07-11-2019,17375.84,9826.57,21317.52,16797.92
14-11-2019,11041.26,19441.19,18896.76,6585.58
21-11-2019,17239.26,22532.49,14600.71,17009.21
28-11-2019,8764.83,23666.98,21658.27,7027.25
05-12-2019,14895.2,18742.62,20398.57,7073.84
12-12-2019,13344.45,21665.84,13150.07,12864.27
19-12-2019,16960.09,24557.33,9122.97,17329.73
26-12-2019,17026.41,23418.51,8769.13,13339.54
02-01-2020,21441.76,21483.54,7149.07,10878.67
09-01-2020,9845.55,11021.61,17594.32,17435.53
16-01-2020,18145.56,10189.22,10659.95,9925.37
23-01-2020,10005.72,22491.47,9917.58,6684.16
30-01-2020,19610.95,10592.73,13154.79,11701.61
06-02-2020,9283.67,17670.51,14202.46,13689.41
13-02-2020,11506.33,14384.38,16894.83,5462.76
20-02-2020,9852.72,13178.61,8595.35,5513.66
27-02-2020,23798.12,16020.04,15005.26,8313.76
05-03-2020,8123.0,20886.95,17856.29,17643.03
12-03-2020,8337.63,10760.84,17682.12,9290.96
19-03-2020,9020.37,13465.81,8315.75,15888.87
26-03-2020,22030.93,19008.68,12783.96,14994.26
02-04-2020,18105.44,21567.7,14663.61,17458.48
09-04-2020,12640.54,18469.05,19120.79,16620.35
16-04-2020,23147.97,15017.68,17490.14,8772.56
23-04-2020,18390.07,11539.73,13321.77,16963.08
30-04-2020,20974.5,16692.35,9202.68,10181.43
07-05-2020,10218.86,9630.71,20597.67,11388.61
14-05-2020,9430.22,20325.03,8112.72,10150.15
21-05-2020,11684.65,11216.4,15003.24,14355.96
28-05-2020,15795.04,22043.24,20760.8,15493.35
04-06-2020,23303.87,23829.09,19487.75,8804.22
11-06-2020,10789.31,20495.69,19682.94,15700.61
18-06-2020,18297.96,22192.82,17607.49,13649.76
25-06-2020,8745.22,16097.83,7507.69,6200.81
02-07-2020,16656.07,9283.4,20698.31,10854.43
09-07-2020,19199.47,10938.62,19713.93,11214.87
16-07-2020,16940.41,19199.99,15098.47,12321.43
23-07-2020,19912.37,21806.78,11592.49,16986.64
30-07-2020,13662.35,12993.37,11671.46,9660.7
06-08-2020,13070.89,22421.88,15417.29,17579.39
13-08-2020,9343.29,18630.67,8440.36,10965.05
20-08-2020,14123.76,19732.79,18181.67,8095.22
27-08-2020,11099.44,15421.92,10629.81,13796.11
03-09-2020,16283.16,22145.12,21719.08,9915.4
10-09-2020,22591.95,21323.34,9236.85,15867.07
17-09-2020,15704.12,20201.15,17539.17,16517.55
24-09-2020,20178.64,22106.29,11813.68,17650.79
01-10-2020,18585.47,21265.91,19883.22,6609.18
08-10-2020,13382.57,22292.94,20829.73,14829.21
15-10-2020,15716.94,12643.52,14875.41,10164.9
22-10-2020,22170.09,17859.87,12881.0,11480.24
29-10-2020,22937.08,18618.76,10434.69,11501.01
05-11-2020,15450.53,13621.67,18044.49,8487.73
12-11-2020,15880.78,15777.27,14002.94,12368.08
19-11-2020,18932.76,10859.5,11324.88,15046.88
26-11-2020,22523.93,9236.84,8100.48,17139.79
03-12-2020,10367.05,24658.27,19423.33,6569.16
10-12-2020,9640.4,24625.4,10822.34,12002.67
17-12-2020,11779.77,18411.13,19600.43,13539.82
24-12-2020,8745.87,18320.62,16915.25,7611.67
31-12-2020,20193.89,18843.74,7143.21,17357.22
07-01-2021,15129.27,12334.25,8292.97,9867.58
14-01-2021,12924.31,13416.23,18898.02,13396.98
21-01-2021,10128.85,20183.22,17852.23,11685.49
28-01-2021,23932.27,13177.41,7876.83,5374.48
04-02-2021,13128.77,16715.65,8173.47,12355.38
11-02-2021,22413.93,21648.24,17087.03,13602.51
18-02-2021,19684.81,16654.41,13027.0,8986.52
25-02-2021,9593.89,17775.68,14087.77,6545.74
04-03-2021,12292.32,21488.85,10834.06,10534.35
11-03-2021,10580.92,11302.47,18345.19,5866.76
18-03-2021,12560.42,24683.93,14138.39,12880.77
25-03-2021,18252.63,11736.29,12540.13,10209.19
01-04-2021,11690.93,12360.73,16118.04,6410.18
08-04-2021,10066.33,17959.48,13740.07,12955.14
15-04-2021,8431.35,20131.11,19748.34,11813.82
22-04-2021,21453.45,15094.43,8183.86,9908.07
29-04-2021,15141.89,22781.37,12020.75,9096.31
06-05-2021,22208.28,12640.94,16636.7,9246.24
13-05-2021,23223.29,11628.81,17859.07,12150.83
20-05-2021,23659.33,24901.93,18905.47,6344.93
27-05-2021,15504.11,22599.46,16577.25,16426.6
03-06-2021,20789.86,13663.85,9925.98,9193.33
10-06-2021,19135.12,16437.57,7657.72,14652.2
17-06-2021,8715.15,15253.52,13934.27,11539.35
24-06-2021,10225.45,20838.54,19740.58,14072.71
01-07-2021,23217.13,12748.76,9410.95,5874.84
08-07-2021,19544.32,11174.77,21072.72,12778.56
15-07-2021,20866.17,15672.52,18022.69,10767.46
22-07-2021,16620.22,21264.1,10572.3,16498.62
29-07-2021,19460.78,20817.91,10572.45,6171.66
05-08-2021,9165.7,19175.77,9250.04,17989.49
12-08-2021,23376.76,8981.42,17875.86,8390.04
19-08-2021,13454.4,12465.12,19458.18,16618.78
26-08-2021,8646.42,12955.63,13730.48,11783.69
02-09-2021,9402.35,22195.47,21009.7,10237.25
09-09-2021,21715.75,19659.86,15876.15,15647.65
16-09-2021,15568.47,17537.32,11119.99,14258.4
23-09-2021,10545.0,12512.17,14198.81,10009.06
30-09-2021,11833.25,11666.16,19913.46,12681.17
07-10-2021,14038.28,22455.38,19377.41,6441.53
14-10-2021,17076.57,13542.61,15112.52,14333.98
21-10-2021,8136.12,16973.86,11375.99,11942.14
28-10-2021,9757.47,21989.85,15155.03,7743.82
04-11-2021,20314.96,9123.41,15892.35,11522.9
11-11-2021,8634.32,12620.14,8157.11,14521.03
18-11-2021,19292.34,9973.42,8638.11,16443.67
25-11-2021,11213.56,13510.41,17264.2,5789.4
02-12-2021,23162.5,8879.65,19737.14,9691.78
09-12-2021,10400.64,14728.6,21592.62,11876.71
16-12-2021,8948.48,24035.44,9153.42,5710.94
23-12-2021,8726.81,22134.53,9295.29,7326.78
30-12-2021,23105.85,18591.58,11281.29,12623.91
06-01-2022,11889.48,16655.38,12019.34,13094.14
13-01-2022,20140.94,14250.37,9158.7,9624.63
20-01-2022,20130.48,21486.85,18783.26,17669.44
27-01-2022,21196.53,24481.46,16401.89,7981.53
03-02-2022,17731.14,11764.26,8279.89,8917.22
10-02-2022,13804.41,20196.65,12446.15,5040.93
17-02-2022,22671.06,18225.17,10161.37,8279.74
24-02-2022,9986.24,23458.02,10453.13,17228.41
03-03-2022,12228.98,21687.64,7156.78,11282.56
10-03-2022,13907.43,14020.67,21882.34,14371.27
17-03-2022,12092.45,20915.29,8943.53,17037.07
24-03-2022,14822.18,11645.94,11092.31,7016.93
31-03-2022,22888.93,13547.24,9142.76,15567.71
07-04-2022,11412.15,10053.48,17025.92,5096.27
14-04-2022,21318.73,17784.71,10702.28,11156.72
21-04-2022,12198.64,17292.14,15574.66,15031.87
28-04-2022,15457.4,21479.52,8038.66,16977.46
05-05-2022,10968.14,22303.53,14419.48,6361.33
12-05-2022,13756.84,23652.46,19520.71,14390.11
19-05-2022,14077.53,18215.05,10481.83,13421.97
26-05-2022,12175.05,22178.61,17567.47,10019.17
02-06-2022,18551.71,13864.75,9334.79,8057.39
09-06-2022,12347.01,12239.17,17175.34,14615.6
16-06-2022,15314.23,24798.6,20365.31,6131.65
23-06-2022,15367.21,23489.87,10303.96,9919.15
30-06-2022,23151.16,21305.03,19484.88,16433.29
07-07-2022,10738.81,20038.02,19042.02,7944.23
14-07-2022,8693.76,11442.87,18121.04,14025.78
21-07-2022,22267.62,13729.72,16326.16,5348.31
28-07-2022,22961.35,17649.13,18225.78,8689.61
04-08-2022,9311.27,9536.56,19219.91,6975.3
11-08-2022,21184.03,12876.88,15119.08,8404.92
18-08-2022,8801.34,17447.6,12506.81,10656.43
25-08-2022,17624.94,13675.4,15457.08,13551.05
01-09-2022,9432.72,14276.59,8349.21,5090.14
08-09-2022,8819.68,18271.54,8264.58,16290.52
15-09-2022,20151.11,8645.5,15598.68,5133.27
22-09-2022,9747.12,24806.11,13855.35,5353.75
29-09-2022,21605.03,23636.19,15225.75,14177.25
06-10-2022,20481.94,20622.08,14417.83,15824.9
13-10-2022,16437.26,12781.8,7061.01,9661.67
20-10-2022,9321.37,9544.06,14038.36,17267.77
27-10-2022,9688.23,13016.87,19451.17,10223.79
03-11-2022,20140.86,17448.52,16058.97,7094.86
10-11-2022,13636.52,18758.96,7401.52,7448.24
17-11-2022,14183.91,19630.81,14643.83,14343.52
24-11-2022,19629.79,9012.4,20525.69,15714.8
01-12-2022,12337.09,16494.66,11622.25,16786.35
08-12-2022,14125.1,15034.88,20678.68,12809.02
15-12-2022,10205.91,18829.28,18916.72,9391.94
22-12-2022,16432.09,18842.89,14656.25,17988.62
29-12-2022,16108.69,19115.65,18903.84,6775.58
05-01-2023,8702.57,24554.33,17983.89,10112.67
12-01-2023,8282.7,11245.6,7146.22,10153.94
19-01-2023,16877.69,11149.62,16597.86,17405.14
26-01-2023,23847.21,22247.25,13658.26,12116.32
02-02-2023,16052.91,11068.5,19816.21,13785.28
09-02-2023,18206.97,12135.46,9297.39,16349.34
16-02-2023,10870.62,9716.35,16384.08,14156.46
23-02-2023,9913.96,11913.18,18831.46,17084.61
02-03-2023,15623.82,21568.08,11791.0,14142.04
09-03-2023,16915.53,22412.98,18638.52,8693.77
16-03-2023,10391.28,21826.34,7491.89,13827.5
23-03-2023,15614.63,9742.44,17328.42,11277.36
30-03-2023,21761.62,11942.43,7034.49,6696.33
06-04-2023,12313.76,19262.03,12439.65,6537.21
13-04-2023,23705.18,10285.75,12326.81,16395.86
20-04-2023,18441.85,13776.67,21555.2,11514.28
27-04-2023,8129.76,8601.7,21115.14,8655.35
04-05-2023,20993.04,9218.74,9203.76,16138.13
11-05-2023,23905.46,9356.73,9514.55,14397.85
18-05-2023,16472.05,15198.44,9917.01,17290.66
25-05-2023,10756.3,12876.62,11864.47,6801.58
01-06-2023,16579.73,14131.86,16117.71,9782.16
08-06-2023,9862.78,22897.86,14644.78,9184.06
15-06-2023,8261.84,18364.47,18737.56,13450.8
22-06-2023,20603.51,11057.27,21575.54,7747.33
29-06-2023,12268.47,16953.44,7077.93,10751.83
06-07-2023,11131.6,20858.8,18366.3,13004.55
13-07-2023,14746.96,13618.86,19411.93,11592.22
20-07-2023,15943.47,10371.64,10275.75,9686.36
27-07-2023,19181.65,22446.97,21892.9,10556.62
03-08-2023,15251.27,21140.0,11818.4,12026.73
10-08-2023,18832.28,12398.12,11193.85,9630.48
17-08-2023,17242.96,12961.85,10122.52,6943.61
24-08-2023,20948.96,23118.53,20570.83,15681.24
31-08-2023,10196.63,10112.91,14487.46,11778.55
07-09-2023,19725.17,12177.53,20964.25,9029.09
14-09-2023,17244.94,22759.52,14851.72,14796.25
21-09-2023,19984.42,21535.35,19165.72,10102.02
28-09-2023,13816.9,21757.72,15695.66,12900.27
05-10-2023,14590.68,11826.64,13853.96,17605.4
12-10-2023,12653.87,12988.14,8961.76,11255.35
19-10-2023,12616.49,19837.54,9026.87,8215.06
26-10-2023,8989.62,9184.27,19212.15,16776.42
02-11-2023,20222.22,22775.2,8298.94,16675.75
09-11-2023,15456.64,21182.62,16236.36,9548.31
16-11-2023,12236.78,10449.15,13189.77,11423.34
23-11-2023,23729.84,9115.29,15852.24,11824.93
30-11-2023,8366.34,13940.75,13343.91,11425.51
07-12-2023,11735.3,9062.65,11407.65,15872.7
14-12-2023,20925.73,11482.39,16694.5,17007.42
21-12-2023,10753.72,10623.16,7332.19,7241.35
28-12-2023,21023.24,21930.83,15106.78,9336.34
04-01-2024,20908.49,11717.75,9097.81,6159.73
11-01-2024,21621.22,20294.91,16368.79,14457.08
18-01-2024,10295.66,14849.02,19211.73,16917.95
25-01-2024,16209.53,10514.01,21677.76,10135.37
01-02-2024,13103.91,10479.85,7189.44,12847.75
08-02-2024,17798.9,12364.98,9429.8,11864.11
15-02-2024,14966.51,13510.29,10273.49,16170.98
22-02-2024,23741.25,14367.1,17471.96,16252.11
29-02-2024,8430.99,23483.07,14487.23,12237.74
07-03-2024,16637.97,12508.3,18733.62,14520.4
14-03-2024,9532.68,17786.06,21355.39,16325.05
21-03-2024,18014.47,11778.44,12208.35,6954.65
28-03-2024,21150.89,21348.07,20655.37,5824.14
04-04-2024,23435.42,24446.05,17116.15,16462.73
11-04-2024,15015.01,13671.17,9315.53,5410.53
18-04-2024,8671.96,19910.85,12048.62,5702.8
25-04-2024,9795.24,19477.18,21080.2,10303.72
02-05-2024,20442.52,24564.1,17624.49,14399.08
09-05-2024,17854.41,24631.66,11497.09,15178.85
16-05-2024,14641.25,11064.42,18090.59,15782.22
23-05-2024,21817.59,23711.0,18173.67,11859.04
30-05-2024,23019.13,11957.83,8159.65,10611.13
06-06-2024,17315.5,19719.82,19231.33,5347.84
13-06-2024,20832.74,18402.12,21294.22,9522.67
20-06-2024,17871.66,21148.05,14745.93,7026.8
27-06-2024,8796.8,10338.11,14423.57,13314.91
04-07-2024,17128.34,20263.12,7584.92,6772.43
11-07-2024,20178.24,21389.51,17534.41,14690.59
18-07-2024,23415.04,24079.61,16667.23,9151.35
25-07-2024,8225.76,18921.53,13469.56,6911.36
