scheme_code,month,aum_cr,folios
125497,Jan-2022,10841.36,289746
125497,Feb-2022,3404.5,468328
125497,Mar-2022,39394.79,325882
125497,Apr-2022,34448.54,451122
125497,May-2022,3160.95,363239
125497,Jun-2022,32699.12,423080
125497,Jul-2022,13923.94,59351
125497,Aug-2022,6913.48,315198
125497,Sep-2022,35411.61,211900
125497,Oct-2022,26131.9,451594
125497,Nov-2022,47610.09,166124
125497,Dec-2022,42892.59,219609
125497,Jan-2023,38705.06,53672
125497,Feb-2023,45641.36,45126
125497,Mar-2023,45530.34,159459
125497,Apr-2023,39692.6,176356
125497,May-2023,11309.41,499613
125497,Jun-2023,10476.06,16166
125497,Jul-2023,24250.99,117776
125497,Aug-2023,8084.31,29825
125497,Sep-2023,47526.86,443938
125497,Oct-2023,41172.72,247426
125497,Nov-2023,10410.48,405908
125497,Dec-2023,39049.35,45172
125497,Jan-2024,17506.81,208736
125497,Feb-2024,49607.24,230442
125497,Mar-2024,15894.88,56489
125497,Apr-2024,31777.09,237099
125497,May-2024,4544.53,126861
125497,Jun-2024,22641.38,358499
125497,Jul-2024,8833.22,486259
125497,Aug-2024,23087.33,215840
125497,Sep-2024,32072.78,178560
125497,Oct-2024,38276.77,468629
125497,Nov-2024,19184.26,117771
125497,Dec-2024,39562.48,484854
119551,Jan-2022,1494.8,472418
119551,Feb-2022,10978.76,59176
119551,Mar-2022,4266.83,63454
119551,Apr-2022,17101.83,243228
119551,May-2022,48648.98,166899
119551,Jun-2022,10686.53,236895
119551,Jul-2022,48539.47,88956
119551,Aug-2022,3745.68,257427
119551,Sep-2022,4135.64,88294
119551,Oct-2022,24790.31,337971
119551,Nov-2022,31249.12,452423
119551,Dec-2022,34101.04,424980
119551,Jan-2023,43103.31,237023
119551,Feb-2023,33752.55,371601
119551,Mar-2023,6821.47,451900
119551,Apr-2023,21711.33,241930
119551,May-2023,27080.7,236692
119551,Jun-2023,31059.82,196180
119551,Jul-2023,19683.55,9403
119551,Aug-2023,19804.28,279251
119551,Sep-2023,45098.19,210225
119551,Oct-2023,36573.53,187334
119551,Nov-2023,30725.38,175010
119551,Dec-2023,40400.79,193376
119551,Jan-2024,46385.6,414162
119551,Feb-2024,47434.54,380481
119551,Mar-2024,21871.7,174371
119551,Apr-2024,43823.53,456956
119551,May-2024,38143.13,141799
119551,Jun-2024,36533.67,417765
119551,Jul-2024,25664.19,419518
119551,Aug-2024,20942.57,276657
119551,Sep-2024,33248.21,77063
119551,Oct-2024,37009.01,163070
119551,Nov-2024,25305.26,290942
119551,Dec-2024,7446.67,177240
120503,Jan-2022,12850.74,339868
120503,Feb-2022,18555.48,320459
120503,Mar-2022,1755.14,430443
120503,Apr-2022,18381.25,165539
120503,May-2022,11791.61,390893
120503,Jun-2022,35275.88,143871
120503,Jul-2022,37338.7,52672
120503,Aug-2022,5992.6,479490
120503,Sep-2022,15655.08,212331
120503,Oct-2022,30703.86,39445
120503,Nov-2022,917.78,49029
120503,Dec-2022,29390.3,103472
120503,Jan-2023,18001.06,257245
120503,Feb-2023,32047.85,272643
120503,Mar-2023,41963.11,482707
120503,Apr-2023,14016.96,197044
120503,May-2023,26986.38,302489
120503,Jun-2023,2191.52,35770
120503,Jul-2023,22666.64,173289
120503,Aug-2023,460.11,109821
120503,Sep-2023,34000.59,385701
120503,Oct-2023,7479.14,408261
120503,Nov-2023,28238.72,62624
120503,Dec-2023,13510.91,492008
120503,Jan-2024,36567.66,224094
120503,Feb-2024,46611.44,81889
120503,Mar-2024,121.64,115520
120503,Apr-2024,48823.98,148070
120503,May-2024,33567.44,109477
120503,Jun-2024,39589.14,106710
120503,Jul-2024,44914.47,300579
120503,Aug-2024,7885.58,244148
120503,Sep-2024,13003.79,91375
120503,Oct-2024,8139.03,471613
120503,Nov-2024,15664.15,416986
120503,Dec-2024,5369.73,73623
118632,Jan-2022,26149.05,65381
118632,Feb-2022,2403.8,198957
118632,Mar-2022,7345.22,374499
118632,Apr-2022,1327.04,19791
118632,May-2022,9005.66,170577
118632,Jun-2022,837.02,372080
118632,Jul-2022,15293.42,139928
118632,Aug-2022,37210.81,282829
118632,Sep-2022,33926.81,51256
118632,Oct-2022,13853.8,494223
118632,Nov-2022,106.92,488016
118632,Dec-2022,4966.18,20071
118632,Jan-2023,48764.36,84128
118632,Feb-2023,39988.49,285454
118632,Mar-2023,49255.44,331178
118632,Apr-2023,20440.03,422289
118632,May-2023,43806.48,3536
118632,Jun-2023,5787.01,217441
118632,Jul-2023,27451.75,42348
118632,Aug-2023,39248.46,457957
118632,Sep-2023,20156.17,483026
118632,Oct-2023,23262.71,427578
118632,Nov-2023,34260.28,489653
118632,Dec-2023,9816.23,167234
118632,Jan-2024,15742.17,404849
118632,Feb-2024,49489.57,437706
118632,Mar-2024,13269.45,101390
118632,Apr-2024,3647.03,83516
118632,May-2024,37715.6,244935
118632,Jun-2024,27849.4,264472
118632,Jul-2024,2355.8,284534
118632,Aug-2024,45739.69,41447
118632,Sep-2024,28878.87,482194
118632,Oct-2024,10452.32,110384
118632,Nov-2024,12121.07,251715
118632,Dec-2024,2583.19,32815
119092,Jan-2022,36027.27,76935
119092,Feb-2022,19284.8,132614
119092,Mar-2022,26914.41,100895
119092,Apr-2022,23991.44,160711
119092,May-2022,43264.03,409763
119092,Jun-2022,39583.86,122805
119092,Jul-2022,13271.04,364264
119092,Aug-2022,3725.67,94286
119092,Sep-2022,34241.66,223951
119092,Oct-2022,38544.3,206405
119092,Nov-2022,6720.29,138645
119092,Dec-2022,748.05,302071
119092,Jan-2023,11768.12,483832
119092,Feb-2023,2896.33,305213
119092,Mar-2023,18923.71,197448
119092,Apr-2023,36406.57,281269
119092,May-2023,35312.24,259159
119092,Jun-2023,3851.0,74942
119092,Jul-2023,18880.28,335572
119092,Aug-2023,15354.0,121162
119092,Sep-2023,17189.98,27826
119092,Oct-2023,25978.16,199191
119092,Nov-2023,564.26,220090
119092,Dec-2023,13291.92,149703
119092,Jan-2024,11887.53,444847
119092,Feb-2024,12639.77,394520
119092,Mar-2024,7633.14,121136
119092,Apr-2024,19208.78,426061
119092,May-2024,9283.3,278060
119092,Jun-2024,32893.0,375852
119092,Jul-2024,47270.46,411469
119092,Aug-2024,34746.34,439019
119092,Sep-2024,8133.46,67104
119092,Oct-2024,6027.56,242107
119092,Nov-2024,27514.97,298124
119092,Dec-2024,290.77,458474
120841,Jan-2022,43813.14,42685
120841,Feb-2022,7647.35,270119
120841,Mar-2022,42807.7,196458
120841,Apr-2022,22463.47,268911
120841,May-2022,25035.94,492892
120841,Jun-2022,5725.63,74538
120841,Jul-2022,33111.67,280208
120841,Aug-2022,34753.49,440325
120841,Sep-2022,42055.18,116839
120841,Oct-2022,1698.82,422541
120841,Nov-2022,38570.65,445902
120841,Dec-2022,17563.85,386274
120841,Jan-2023,20551.47,18353
120841,Feb-2023,49329.08,372999
120841,Mar-2023,49392.48,105732
120841,Apr-2023,39498.58,237447
120841,May-2023,23356.47,37464
120841,Jun-2023,32521.41,433113
120841,Jul-2023,46838.36,129125
120841,Aug-2023,16576.36,498622
120841,Sep-2023,48968.26,297314
120841,Oct-2023,11980.5,346563
120841,Nov-2023,255.29,203074
120841,Dec-2023,11196.75,342235
120841,Jan-2024,11645.79,218051
120841,Feb-2024,1643.2,276531
120841,Mar-2024,20876.83,89511
120841,Apr-2024,1460.29,399887
120841,May-2024,31234.68,336269
120841,Jun-2024,43155.68,80031
120841,Jul-2024,19595.28,241275
120841,Aug-2024,36218.63,406249
120841,Sep-2024,43903.97,70769
120841,Oct-2024,24357.04,258913
120841,Nov-2024,1967.78,429084
120841,Dec-2024,26146.62,267373
118989,Jan-2022,30359.1,210290
118989,Feb-2022,27044.4,66379
118989,Mar-2022,22756.21,302994
118989,Apr-2022,33061.45,298392
118989,May-2022,18135.03,60105
118989,Jun-2022,19815.38,252522
118989,Jul-2022,38297.95,289439
118989,Aug-2022,14717.78,398415
118989,Sep-2022,13051.34,497208
118989,Oct-2022,38723.41,339483
118989,Nov-2022,642.19,278879
118989,Dec-2022,15455.77,214290
118989,Jan-2023,38349.37,445422
118989,Feb-2023,38934.5,72626
118989,Mar-2023,33104.19,489836
118989,Apr-2023,49513.14,421621
118989,May-2023,23880.1,146507
118989,Jun-2023,35527.05,350006
118989,Jul-2023,42244.21,163669
118989,Aug-2023,5471.62,259544
118989,Sep-2023,48970.21,68995
118989,Oct-2023,48122.49,29361
118989,Nov-2023,12842.38,278375
118989,Dec-2023,47538.01,246749
118989,Jan-2024,33865.36,229527
118989,Feb-2024,16362.05,293195
118989,Mar-2024,14691.06,159149
118989,Apr-2024,29357.98,17356
118989,May-2024,21562.05,178899
118989,Jun-2024,19272.28,112926
118989,Jul-2024,47053.02,318760
118989,Aug-2024,21577.32,424351
118989,Sep-2024,48999.66,394562
118989,Oct-2024,17522.18,231596
118989,Nov-2024,19457.24,50611
118989,Dec-2024,13460.96,437433
120594,Jan-2022,11182.93,249300
120594,Feb-2022,36740.02,480313
120594,Mar-2022,38212.66,311621
120594,Apr-2022,34177.08,370404
120594,May-2022,4653.27,254559
120594,Jun-2022,12521.2,377085
120594,Jul-2022,6707.02,359809
120594,Aug-2022,1490.4,491518
120594,Sep-2022,1678.64,230184
120594,Oct-2022,42225.68,155646
120594,Nov-2022,48899.41,225327
120594,Dec-2022,19832.45,60145
120594,Jan-2023,36741.66,469903
120594,Feb-2023,11745.5,323118
120594,Mar-2023,16527.38,155531
120594,Apr-2023,1866.79,297592
120594,May-2023,37935.63,222192
120594,Jun-2023,41434.47,138427
120594,Jul-2023,34215.08,243318
120594,Aug-2023,38391.32,323061
120594,Sep-2023,3849.21,173459
120594,Oct-2023,26134.7,130725
120594,Nov-2023,38880.1,74698
120594,Dec-2023,19166.97,424678
120594,Jan-2024,39703.02,97369
120594,Feb-2024,4213.52,110916
120594,Mar-2024,12404.51,27446
120594,Apr-2024,27247.42,451670
120594,May-2024,24119.32,147154
120594,Jun-2024,603.64,371924
120594,Jul-2024,6003.33,369036
120594,Aug-2024,6171.19,50701
120594,Sep-2024,22727.17,301189
120594,Oct-2024,39307.68,141060
120594,Nov-2024,41968.05,33365
120594,Dec-2024,9883.51,462544
119775,Jan-2022,25192.3,302195
119775,Feb-2022,12071.42,25300
119775,Mar-2022,30792.36,186577
119775,Apr-2022,34565.89,211773
119775,May-2022,41977.45,311276
119775,Jun-2022,46936.79,30708
119775,Jul-2022,2215.93,441065
119775,Aug-2022,31917.82,490852
119775,Sep-2022,2260.67,414013
119775,Oct-2022,12984.6,197420
119775,Nov-2022,39948.76,410951
119775,Dec-2022,41328.0,113502
119775,Jan-2023,15685.84,8505
119775,Feb-2023,13593.41,494582
119775,Mar-2023,34279.54,470161
119775,Apr-2023,10901.32,400296
119775,May-2023,3880.21,172084
119775,Jun-2023,33886.25,276072
119775,Jul-2023,40882.08,260469
119775,Aug-2023,43627.07,137109
119775,Sep-2023,45796.76,270556
119775,Oct-2023,479.08,389814
119775,Nov-2023,4452.1,317982
119775,Dec-2023,36724.04,498870
119775,Jan-2024,31376.9,345301
119775,Feb-2024,2078.11,450779
119775,Mar-2024,37893.16,114846
119775,Apr-2024,42426.22,327684
119775,May-2024,38917.42,61921
119775,Jun-2024,3641.33,242980
119775,Jul-2024,45479.14,299408
119775,Aug-2024,17884.16,381987
119775,Sep-2024,49198.02,144175
119775,Oct-2024,18590.97,156243
119775,Nov-2024,48736.32,33951
119775,Dec-2024,43971.83,334387
118825,Jan-2022,44398.93,384903
118825,Feb-2022,13421.64,268687
118825,Mar-2022,42387.55,448944
118825,Apr-2022,28261.12,251441
118825,May-2022,27114.26,445364
118825,Jun-2022,2388.87,5784
118825,Jul-2022,30857.58,156846
118825,Aug-2022,22906.23,397424
118825,Sep-2022,9601.37,15056
118825,Oct-2022,38439.35,203911
118825,Nov-2022,5520.21,77115
118825,Dec-2022,35140.42,280539
118825,Jan-2023,20850.06,222634
118825,Feb-2023,44185.5,301029
118825,Mar-2023,10719.38,320562
118825,Apr-2023,3136.33,68406
118825,May-2023,36338.03,186529
118825,Jun-2023,34550.64,450364
118825,Jul-2023,48825.0,308299
118825,Aug-2023,14495.89,354347
118825,Sep-2023,12853.91,11361
118825,Oct-2023,33823.0,333668
118825,Nov-2023,26238.24,492771
118825,Dec-2023,20890.41,263917
118825,Jan-2024,17561.06,360954
118825,Feb-2024,37401.11,317392
118825,Mar-2024,40688.95,357495
118825,Apr-2024,42900.94,154610
118825,May-2024,15206.84,96840
118825,Jun-2024,40319.51,153134
118825,Jul-2024,48471.83,179718
118825,Aug-2024,5642.86,466180
118825,Sep-2024,14494.98,458898
118825,Oct-2024,40331.56,380188
118825,Nov-2024,25262.9,30318
118825,Dec-2024,25142.19,9035
120465,Jan-2022,1654.23,318342
120465,Feb-2022,32877.32,141416
120465,Mar-2022,6816.66,499836
120465,Apr-2022,31107.17,356532
120465,May-2022,21541.74,212994
120465,Jun-2022,45741.85,186705
120465,Jul-2022,27703.22,470390
120465,Aug-2022,20680.87,444560
120465,Sep-2022,29772.55,419000
120465,Oct-2022,6291.89,477349
120465,Nov-2022,13212.76,150880
120465,Dec-2022,21158.02,458430
120465,Jan-2023,13674.57,99015
120465,Feb-2023,5200.24,498672
120465,Mar-2023,30616.0,180239
120465,Apr-2023,39358.28,394249
120465,May-2023,22147.92,104271
120465,Jun-2023,42067.25,22936
120465,Jul-2023,40156.6,24857
120465,Aug-2023,17092.32,119452
120465,Sep-2023,25678.36,229913
120465,Oct-2023,41046.17,57957
120465,Nov-2023,46112.79,66193
120465,Dec-2023,46209.07,154788
120465,Jan-2024,40063.39,96999
120465,Feb-2024,48460.77,364184
120465,Mar-2024,16300.04,361830
120465,Apr-2024,5010.34,457905
120465,May-2024,23952.91,387669
120465,Jun-2024,6228.25,276453
120465,Jul-2024,36893.96,203551
120465,Aug-2024,22831.47,238114
120465,Sep-2024,29113.84,402027
120465,Oct-2024,10081.26,68221
120465,Nov-2024,9116.15,39230
120465,Dec-2024,38682.18,476014
119386,Jan-2022,26506.93,213559
119386,Feb-2022,32533.91,330068
119386,Mar-2022,13191.02,61858
119386,Apr-2022,27791.44,44217
119386,May-2022,13225.82,316008
119386,Jun-2022,11879.05,436862
119386,Jul-2022,28685.79,469136
119386,Aug-2022,37170.85,210626
119386,Sep-2022,47542.24,54573
119386,Oct-2022,2313.29,206373
119386,Nov-2022,33105.43,443131
119386,Dec-2022,5314.63,65463
119386,Jan-2023,33111.75,241174
119386,Feb-2023,6525.98,52303
119386,Mar-2023,22010.13,251820
119386,Apr-2023,45694.34,226710
119386,May-2023,13879.1,250991
119386,Jun-2023,35405.3,201066
119386,Jul-2023,41368.29,133129
119386,Aug-2023,31590.76,175211
119386,Sep-2023,31246.88,247298
119386,Oct-2023,6019.2,152300
119386,Nov-2023,34157.6,346411
119386,Dec-2023,15982.29,134765
119386,Jan-2024,28660.52,60198
119386,Feb-2024,12150.77,81243
119386,Mar-2024,22359.33,373911
119386,Apr-2024,38635.58,439363
119386,May-2024,15948.08,306379
119386,Jun-2024,49368.51,151732
119386,Jul-2024,32703.88,296931
119386,Aug-2024,2850.7,343081
119386,Sep-2024,5338.13,265055
119386,Oct-2024,42116.36,147932
119386,Nov-2024,45542.4,211011
119386,Dec-2024,35738.42,96323
118551,Jan-2022,43719.47,85974
118551,Feb-2022,22994.48,439571
118551,Mar-2022,13013.05,160638
118551,Apr-2022,13901.5,478185
118551,May-2022,12709.48,270442
118551,Jun-2022,26673.52,103635
118551,Jul-2022,5448.5,174922
118551,Aug-2022,47190.1,285773
118551,Sep-2022,25297.96,49982
118551,Oct-2022,45294.6,482708
118551,Nov-2022,39635.85,210694
118551,Dec-2022,44045.83,304420
118551,Jan-2023,27793.69,298338
118551,Feb-2023,46266.46,104393
118551,Mar-2023,25159.28,305045
118551,Apr-2023,19717.98,453966
118551,May-2023,16852.64,498651
118551,Jun-2023,31758.83,383229
118551,Jul-2023,22042.27,148029
118551,Aug-2023,25877.17,439415
118551,Sep-2023,738.28,59668
118551,Oct-2023,3251.52,346908
118551,Nov-2023,24107.0,265737
118551,Dec-2023,12174.98,96847
118551,Jan-2024,48992.78,457980
118551,Feb-2024,37909.59,57626
118551,Mar-2024,31908.51,222800
118551,Apr-2024,46773.36,98326
118551,May-2024,10150.68,215023
118551,Jun-2024,39547.04,258276
118551,Jul-2024,38202.2,347354
118551,Aug-2024,41979.69,160534
118551,Sep-2024,48108.62,340833
118551,Oct-2024,32650.53,237535
118551,Nov-2024,18289.25,190751
118551,Dec-2024,23538.82,177687
120178,Jan-2022,9936.94,407780
120178,Feb-2022,8362.19,345011
120178,Mar-2022,358.53,76375
120178,Apr-2022,3913.37,220298
120178,May-2022,28165.69,126667
120178,Jun-2022,6949.49,260664
120178,Jul-2022,12375.24,184998
120178,Aug-2022,29738.26,13201
120178,Sep-2022,14714.02,383594
120178,Oct-2022,31528.31,356779
120178,Nov-2022,18742.02,88696
120178,Dec-2022,16076.21,11839
120178,Jan-2023,16310.7,356401
120178,Feb-2023,47676.83,167019
120178,Mar-2023,8311.53,262319
120178,Apr-2023,41636.71,135759
120178,May-2023,46265.36,419686
120178,Jun-2023,27048.43,234674
120178,Jul-2023,2737.63,413580
120178,Aug-2023,29768.56,404211
120178,Sep-2023,24002.6,310474
120178,Oct-2023,22244.17,151985
120178,Nov-2023,36792.07,169060
120178,Dec-2023,25390.03,41306
120178,Jan-2024,1828.44,238385
120178,Feb-2024,10629.79,386354
120178,Mar-2024,45179.05,172919
120178,Apr-2024,22917.46,238571
120178,May-2024,18081.56,246594
120178,Jun-2024,16967.59,258664
120178,Jul-2024,18060.24,117001
120178,Aug-2024,17326.2,98610
120178,Sep-2024,40604.58,394459
120178,Oct-2024,41081.28,123599
120178,Nov-2024,43079.5,309223
120178,Dec-2024,1631.13,333500
119203,Jan-2022,28095.57,87255
119203,Feb-2022,18352.59,416741
119203,Mar-2022,14212.83,4223
119203,Apr-2022,21211.51,161367
119203,May-2022,3601.44,129490
119203,Jun-2022,32382.06,119604
119203,Jul-2022,23676.96,495246
119203,Aug-2022,46550.87,124423
119203,Sep-2022,14847.57,360094
119203,Oct-2022,10047.48,65529
119203,Nov-2022,14899.58,283856
119203,Dec-2022,3409.4,261756
119203,Jan-2023,42761.61,274524
119203,Feb-2023,15985.69,438860
119203,Mar-2023,38788.09,119634
119203,Apr-2023,42287.66,300246
119203,May-2023,13920.62,311190
119203,Jun-2023,3727.47,305507
119203,Jul-2023,571.66,495503
119203,Aug-2023,14797.93,437474
119203,Sep-2023,22326.0,324819
119203,Oct-2023,43852.69,116657
119203,Nov-2023,19288.26,146506
119203,Dec-2023,30438.84,90380
119203,Jan-2024,10352.62,408768
119203,Feb-2024,33672.47,131084
119203,Mar-2024,47965.05,80252
119203,Apr-2024,6294.7,377650
119203,May-2024,15696.6,212120
119203,Jun-2024,13829.85,398386
119203,Jul-2024,37029.47,92448
119203,Aug-2024,44231.99,236424
119203,Sep-2024,18021.54,100146
119203,Oct-2024,20430.99,467351
119203,Nov-2024,36339.16,238772
119203,Dec-2024,26586.39,98402
118712,Jan-2022,15575.74,340998
118712,Feb-2022,21919.96,7350
118712,Mar-2022,8707.57,230906
118712,Apr-2022,40448.58,479334
118712,May-2022,37002.3,182820
118712,Jun-2022,13029.33,227212
118712,Jul-2022,16285.72,363197
118712,Aug-2022,27639.24,102977
118712,Sep-2022,40582.69,385835
118712,Oct-2022,326.92,94518
118712,Nov-2022,6367.77,9698
118712,Dec-2022,1027.94,231005
118712,Jan-2023,20223.07,100968
118712,Feb-2023,5477.54,56467
118712,Mar-2023,35659.29,315195
118712,Apr-2023,9804.63,499749
118712,May-2023,11556.5,191099
118712,Jun-2023,39276.96,148912
118712,Jul-2023,25344.1,244381
118712,Aug-2023,27370.71,285767
118712,Sep-2023,46874.83,92909
118712,Oct-2023,7979.99,18391
118712,Nov-2023,19167.44,135384
118712,Dec-2023,5785.45,244527
118712,Jan-2024,44669.17,145835
118712,Feb-2024,46618.94,339251
118712,Mar-2024,47045.98,388852
118712,Apr-2024,42665.11,256753
118712,May-2024,36864.05,322792
118712,Jun-2024,32901.73,180893
118712,Jul-2024,47642.1,138140
118712,Aug-2024,35499.66,382240
118712,Sep-2024,11171.39,98602
118712,Oct-2024,19544.27,415733
118712,Nov-2024,31241.49,458078
118712,Dec-2024,25810.55,339185
120333,Jan-2022,8362.7,99144
120333,Feb-2022,12437.39,349030
120333,Mar-2022,13341.69,154269
120333,Apr-2022,31035.12,64268
120333,May-2022,5958.55,282783
120333,Jun-2022,44487.16,173263
120333,Jul-2022,22707.99,343956
120333,Aug-2022,24686.58,447357
120333,Sep-2022,9023.81,62693
120333,Oct-2022,17737.03,379698
120333,Nov-2022,48323.89,310757
120333,Dec-2022,41125.16,131802
120333,Jan-2023,24743.63,266793
120333,Feb-2023,9233.51,421224
120333,Mar-2023,31720.06,467418
120333,Apr-2023,40295.24,57479
120333,May-2023,11859.12,103979
120333,Jun-2023,32833.18,214360
120333,Jul-2023,23962.91,346179
120333,Aug-2023,34439.71,389669
120333,Sep-2023,6607.25,470241
120333,Oct-2023,21231.77,386957
120333,Nov-2023,29928.11,320220
120333,Dec-2023,21212.27,109070
120333,Jan-2024,40876.34,243381
120333,Feb-2024,46940.92,463204
120333,Mar-2024,35034.43,144612
120333,Apr-2024,22187.4,40376
120333,May-2024,9734.25,7320
120333,Jun-2024,8152.42,349109
120333,Jul-2024,48881.05,499910
120333,Aug-2024,2730.41,98073
120333,Sep-2024,42192.99,484058
120333,Oct-2024,1298.24,101933
120333,Nov-2024,27449.07,146778
120333,Dec-2024,13448.13,484647
119644,Jan-2022,20495.28,350570
119644,Feb-2022,27943.45,119346
119644,Mar-2022,16207.18,149424
119644,Apr-2022,23953.24,296090
119644,May-2022,46452.87,375110
119644,Jun-2022,34161.44,335338
119644,Jul-2022,24374.69,134856
119644,Aug-2022,15766.77,152269
119644,Sep-2022,25249.18,490560
119644,Oct-2022,6708.1,96763
119644,Nov-2022,18681.02,376396
119644,Dec-2022,11615.0,66107
119644,Jan-2023,26797.69,82949
119644,Feb-2023,11316.1,395257
119644,Mar-2023,39604.06,419933
119644,Apr-2023,49851.43,8755
119644,May-2023,25895.25,188818
119644,Jun-2023,32562.74,238467
119644,Jul-2023,23811.28,244797
119644,Aug-2023,18612.07,204603
119644,Sep-2023,48893.87,406529
119644,Oct-2023,25170.29,430886
119644,Nov-2023,41838.99,112228
119644,Dec-2023,26519.3,75395
119644,Jan-2024,22563.54,491452
119644,Feb-2024,45930.15,163116
119644,Mar-2024,41641.41,76354
119644,Apr-2024,31797.32,453635
119644,May-2024,18873.44,275595
119644,Jun-2024,5517.49,378649
119644,Jul-2024,42668.67,278389
119644,Aug-2024,40928.8,15360
119644,Sep-2024,35226.63,446419
119644,Oct-2024,7435.19,45141
119644,Nov-2024,22674.33,438450
119644,Dec-2024,43377.9,150637
118890,Jan-2022,9722.4,347444
118890,Feb-2022,13097.5,209122
118890,Mar-2022,6446.39,169488
118890,Apr-2022,43013.36,130610
118890,May-2022,35803.46,45685
118890,Jun-2022,20323.44,457205
118890,Jul-2022,12096.59,109190
118890,Aug-2022,24808.38,14132
118890,Sep-2022,2082.44,103278
118890,Oct-2022,30274.94,3133
118890,Nov-2022,8324.82,272458
118890,Dec-2022,28718.78,280329
118890,Jan-2023,36219.57,275689
118890,Feb-2023,35287.26,192181
118890,Mar-2023,18361.68,178397
118890,Apr-2023,15568.51,49795
118890,May-2023,477.61,168456
118890,Jun-2023,37041.53,231768
118890,Jul-2023,39258.9,149210
118890,Aug-2023,5371.59,116816
118890,Sep-2023,9352.96,457634
118890,Oct-2023,15673.93,491872
118890,Nov-2023,21521.29,240157
118890,Dec-2023,39487.58,38737
118890,Jan-2024,22479.67,437638
118890,Feb-2024,23699.8,44611
118890,Mar-2024,35692.4,388824
118890,Apr-2024,48434.77,237045
118890,May-2024,43596.02,217590
118890,Jun-2024,47031.33,257888
118890,Jul-2024,40588.25,330907
118890,Aug-2024,38593.35,184766
118890,Sep-2024,25342.03,361370
118890,Oct-2024,26078.99,270016
118890,Nov-2024,40203.56,410651
118890,Dec-2024,16043.93,459368
120712,Jan-2022,32131.86,189030
120712,Feb-2022,44386.11,314576
120712,Mar-2022,22415.86,312163
120712,Apr-2022,10233.99,95890
120712,May-2022,2658.7,34000
120712,Jun-2022,15130.86,51263
120712,Jul-2022,5217.89,338374
120712,Aug-2022,18164.73,435674
120712,Sep-2022,18486.52,301185
120712,Oct-2022,15136.75,378995
120712,Nov-2022,35787.6,156148
120712,Dec-2022,18072.88,411389
120712,Jan-2023,23942.82,334738
120712,Feb-2023,21215.89,161792
120712,Mar-2023,29079.28,479074
120712,Apr-2023,23260.24,175470
120712,May-2023,24861.56,250208
120712,Jun-2023,8266.08,13227
120712,Jul-2023,27114.58,152780
120712,Aug-2023,35239.26,2322
120712,Sep-2023,45282.7,98932
120712,Oct-2023,15776.15,377529
120712,Nov-2023,22547.06,41205
120712,Dec-2023,34053.8,325707
120712,Jan-2024,48877.1,42231
120712,Feb-2024,12551.79,246997
120712,Mar-2024,18173.37,382000
120712,Apr-2024,31672.21,461299
120712,May-2024,43226.15,490342
120712,Jun-2024,48274.97,362318
120712,Jul-2024,25111.38,179345
120712,Aug-2024,44305.92,475002
120712,Sep-2024,42170.41,41524
120712,Oct-2024,26324.33,469607
120712,Nov-2024,37167.17,106893
120712,Dec-2024,38835.42,278112
121001,Jan-2022,38211.25,308524
121001,Feb-2022,21479.61,379443
121001,Mar-2022,39834.76,391152
121001,Apr-2022,31849.13,438368
121001,May-2022,22787.18,123894
121001,Jun-2022,38944.67,426770
121001,Jul-2022,23533.04,334427
121001,Aug-2022,34322.68,290354
121001,Sep-2022,34447.25,450982
121001,Oct-2022,14705.31,156207
121001,Nov-2022,44378.61,174543
121001,Dec-2022,20163.05,468568
121001,Jan-2023,45677.51,434385
121001,Feb-2023,8443.4,235875
121001,Mar-2023,36670.73,354711
121001,Apr-2023,5784.43,23896
121001,May-2023,47056.18,121807
121001,Jun-2023,13392.18,259293
121001,Jul-2023,24072.43,397719
121001,Aug-2023,31981.88,289510
121001,Sep-2023,17476.29,439111
121001,Oct-2023,27533.19,194314
121001,Nov-2023,31370.56,210017
121001,Dec-2023,19674.58,460756
121001,Jan-2024,43746.89,97455
121001,Feb-2024,17016.27,496615
121001,Mar-2024,1461.49,279140
121001,Apr-2024,45192.02,302581
121001,May-2024,2764.11,420845
121001,Jun-2024,33839.91,99377
121001,Jul-2024,40501.68,492832
121001,Aug-2024,18250.52,44233
121001,Sep-2024,12013.05,117700
121001,Oct-2024,34155.19,482473
121001,Nov-2024,23834.36,341366
121001,Dec-2024,26929.35,431313
121002,Jan-2022,45575.57,115722
121002,Feb-2022,1464.19,120165
121002,Mar-2022,21494.05,16823
121002,Apr-2022,41802.98,102934
121002,May-2022,26692.89,94038
121002,Jun-2022,38701.34,145043
121002,Jul-2022,26391.58,137258
121002,Aug-2022,9121.41,251894
121002,Sep-2022,49761.24,410109
121002,Oct-2022,42755.69,329850
121002,Nov-2022,38010.64,201438
121002,Dec-2022,585.61,251963
121002,Jan-2023,33366.84,300412
121002,Feb-2023,48077.11,51271
121002,Mar-2023,12538.32,91525
121002,Apr-2023,27622.82,184299
121002,May-2023,25180.46,495004
121002,Jun-2023,39194.04,327918
121002,Jul-2023,37906.43,466441
121002,Aug-2023,23548.83,454134
121002,Sep-2023,26755.21,468164
121002,Oct-2023,14188.32,437164
121002,Nov-2023,12371.42,94070
121002,Dec-2023,36950.18,5552
121002,Jan-2024,34410.52,83529
121002,Feb-2024,6582.78,139083
121002,Mar-2024,2222.29,203278
121002,Apr-2024,9754.77,244443
121002,May-2024,39690.52,187777
121002,Jun-2024,38865.29,475066
121002,Jul-2024,42594.61,240387
121002,Aug-2024,37066.44,495405
121002,Sep-2024,28409.45,369290
121002,Oct-2024,28236.2,405195
121002,Nov-2024,21682.5,238477
121002,Dec-2024,32184.72,17219
121003,Jan-2022,44886.15,346017
121003,Feb-2022,20266.9,346882
121003,Mar-2022,30883.28,444372
121003,Apr-2022,38235.58,406665
121003,May-2022,24609.8,178494
121003,Jun-2022,19903.5,181476
121003,Jul-2022,45404.67,228111
121003,Aug-2022,43162.68,85756
121003,Sep-2022,9844.66,260760
121003,Oct-2022,22472.31,490463
121003,Nov-2022,36698.18,171144
121003,Dec-2022,38649.3,364957
121003,Jan-2023,39490.85,421984
121003,Feb-2023,13739.38,20498
121003,Mar-2023,11562.5,483923
121003,Apr-2023,34197.54,349598
121003,May-2023,14921.97,497036
121003,Jun-2023,15649.87,396977
121003,Jul-2023,17212.47,301891
121003,Aug-2023,37255.03,200026
121003,Sep-2023,687.72,49305
121003,Oct-2023,34633.54,453326
121003,Nov-2023,29371.26,216793
121003,Dec-2023,39297.11,119428
121003,Jan-2024,43652.13,102701
121003,Feb-2024,14693.8,251271
121003,Mar-2024,19089.61,35721
121003,Apr-2024,15365.18,208709
121003,May-2024,35638.21,24423
121003,Jun-2024,41078.74,171744
121003,Jul-2024,23238.18,472561
121003,Aug-2024,47402.82,314851
121003,Sep-2024,22358.08,371233
121003,Oct-2024,27541.12,86002
121003,Nov-2024,24884.11,428083
121003,Dec-2024,43023.95,391509
121004,Jan-2022,35659.73,186640
121004,Feb-2022,13532.81,485755
121004,Mar-2022,12035.86,310098
121004,Apr-2022,33578.27,146352
121004,May-2022,11703.8,491455
121004,Jun-2022,48888.34,45120
121004,Jul-2022,15799.08,61455
121004,Aug-2022,18001.58,111974
121004,Sep-2022,8005.41,359620
121004,Oct-2022,15338.64,18848
121004,Nov-2022,16959.36,236866
121004,Dec-2022,21838.27,405697
121004,Jan-2023,36863.94,268751
121004,Feb-2023,39470.7,368120
121004,Mar-2023,45933.59,12321
121004,Apr-2023,5287.27,249817
121004,May-2023,2029.28,393476
121004,Jun-2023,41477.66,94267
121004,Jul-2023,28760.04,454297
121004,Aug-2023,6718.55,70919
121004,Sep-2023,44586.0,465279
121004,Oct-2023,8677.69,260495
121004,Nov-2023,44847.71,494005
121004,Dec-2023,23940.66,360642
121004,Jan-2024,23306.77,50611
121004,Feb-2024,16981.63,336653
121004,Mar-2024,49995.52,214268
121004,Apr-2024,32083.9,392492
121004,May-2024,34403.88,100712
121004,Jun-2024,638.0,498045
121004,Jul-2024,1238.95,236677
121004,Aug-2024,10548.66,392728
121004,Sep-2024,34289.81,287313
121004,Oct-2024,16001.64,252166
121004,Nov-2024,11643.87,418932
121004,Dec-2024,8632.0,388596
121005,Jan-2022,8020.18,426406
121005,Feb-2022,6051.91,221524
121005,Mar-2022,32111.44,401233
121005,Apr-2022,37420.87,495993
121005,May-2022,30201.42,357089
121005,Jun-2022,49400.68,197924
121005,Jul-2022,44009.17,284446
121005,Aug-2022,11577.33,410474
121005,Sep-2022,6266.68,406667
121005,Oct-2022,13008.59,89792
121005,Nov-2022,4176.77,406283
121005,Dec-2022,9341.53,444322
121005,Jan-2023,11407.82,301440
121005,Feb-2023,47911.35,444191
121005,Mar-2023,11166.88,199685
121005,Apr-2023,40025.13,147797
121005,May-2023,48516.17,420782
121005,Jun-2023,22184.98,325188
121005,Jul-2023,33761.52,283935
121005,Aug-2023,5721.53,390361
121005,Sep-2023,21821.39,411523
121005,Oct-2023,35300.69,428793
121005,Nov-2023,7773.34,122899
121005,Dec-2023,33405.31,377851
121005,Jan-2024,13305.97,120700
121005,Feb-2024,15788.88,172657
121005,Mar-2024,49663.1,226311
121005,Apr-2024,41487.82,92676
121005,May-2024,26578.71,334841
121005,Jun-2024,49094.87,440380
121005,Jul-2024,48058.05,249635
121005,Aug-2024,20737.25,427272
121005,Sep-2024,13636.47,382017
121005,Oct-2024,32691.59,160429
121005,Nov-2024,17158.84,393962
121005,Dec-2024,4078.85,218009
121006,Jan-2022,38573.48,53199
121006,Feb-2022,16917.62,56623
121006,Mar-2022,29562.66,411219
121006,Apr-2022,44667.22,266056
121006,May-2022,32968.54,35025
121006,Jun-2022,15241.95,394733
121006,Jul-2022,6699.64,138878
121006,Aug-2022,7763.59,371921
121006,Sep-2022,41724.89,43851
121006,Oct-2022,14218.1,471565
121006,Nov-2022,38074.15,214077
121006,Dec-2022,15019.97,219231
121006,Jan-2023,21614.05,398182
121006,Feb-2023,49404.61,323736
121006,Mar-2023,15072.18,364232
121006,Apr-2023,16810.02,353265
121006,May-2023,12644.56,40348
121006,Jun-2023,38088.27,316289
121006,Jul-2023,35897.56,118834
121006,Aug-2023,5457.72,471350
121006,Sep-2023,27079.12,355442
121006,Oct-2023,40866.16,146131
121006,Nov-2023,3195.12,351217
121006,Dec-2023,38624.23,88725
121006,Jan-2024,17796.6,463774
121006,Feb-2024,49925.43,341218
121006,Mar-2024,23046.47,332595
121006,Apr-2024,48768.87,266959
121006,May-2024,37345.04,205587
121006,Jun-2024,40234.58,99181
121006,Jul-2024,25841.33,61435
121006,Aug-2024,29967.77,393897
121006,Sep-2024,11443.84,82448
121006,Oct-2024,201.12,407405
121006,Nov-2024,44412.71,351330
121006,Dec-2024,48509.99,409486
121007,Jan-2022,1873.33,239070
121007,Feb-2022,8539.66,219379
121007,Mar-2022,18762.08,301088
121007,Apr-2022,29918.3,180535
121007,May-2022,21927.76,55907
121007,Jun-2022,13960.91,482821
121007,Jul-2022,20995.65,82928
121007,Aug-2022,13899.51,350626
121007,Sep-2022,36218.17,495620
121007,Oct-2022,35640.69,354647
121007,Nov-2022,33786.31,373311
121007,Dec-2022,49747.09,408912
121007,Jan-2023,2861.29,87093
121007,Feb-2023,40672.74,249076
121007,Mar-2023,102.36,228384
121007,Apr-2023,33023.93,273031
121007,May-2023,9667.96,158673
121007,Jun-2023,39493.61,201009
121007,Jul-2023,3427.47,64493
121007,Aug-2023,40921.67,68298
121007,Sep-2023,40479.35,343189
121007,Oct-2023,20867.71,295611
121007,Nov-2023,5372.02,412874
121007,Dec-2023,12163.09,405907
121007,Jan-2024,45668.22,219978
121007,Feb-2024,4138.7,388143
121007,Mar-2024,31811.11,435546
121007,Apr-2024,43970.49,460392
121007,May-2024,30706.31,289182
121007,Jun-2024,34044.07,86807
121007,Jul-2024,33340.49,372846
121007,Aug-2024,13360.57,294778
121007,Sep-2024,45024.81,231458
121007,Oct-2024,14926.05,251785
121007,Nov-2024,12835.58,129714
121007,Dec-2024,23108.6,141227
121008,Jan-2022,11619.49,378541
121008,Feb-2022,9681.97,259189
121008,Mar-2022,13620.5,198006
121008,Apr-2022,17933.99,60713
121008,May-2022,20357.89,401011
121008,Jun-2022,36271.89,202455
121008,Jul-2022,24219.72,310544
121008,Aug-2022,1753.69,346809
121008,Sep-2022,21885.77,268953
121008,Oct-2022,23158.89,45809
121008,Nov-2022,30798.46,35747
121008,Dec-2022,27555.93,398572
121008,Jan-2023,19037.16,157461
121008,Feb-2023,47876.4,132966
121008,Mar-2023,9994.44,473108
121008,Apr-2023,6381.38,22165
121008,May-2023,49875.5,43415
121008,Jun-2023,16080.87,453153
121008,Jul-2023,292.07,345481
121008,Aug-2023,15096.76,383835
121008,Sep-2023,1205.25,22939
121008,Oct-2023,21265.38,228845
121008,Nov-2023,18151.75,395398
121008,Dec-2023,36328.12,327030
121008,Jan-2024,28003.27,328999
121008,Feb-2024,1218.56,7979
121008,Mar-2024,44099.01,120842
121008,Apr-2024,19963.41,94034
121008,May-2024,5266.01,420575
121008,Jun-2024,24319.15,115421
121008,Jul-2024,11853.77,172626
121008,Aug-2024,18428.69,329882
121008,Sep-2024,39444.49,450327
121008,Oct-2024,12772.86,301373
121008,Nov-2024,40438.31,451280
121008,Dec-2024,6090.21,466111
121009,Jan-2022,33516.21,324178
121009,Feb-2022,33518.67,315766
121009,Mar-2022,1656.17,427908
121009,Apr-2022,14811.09,15034
121009,May-2022,4103.63,192814
121009,Jun-2022,43633.79,183672
121009,Jul-2022,17786.37,205013
121009,Aug-2022,13449.35,197030
121009,Sep-2022,21138.0,42704
121009,Oct-2022,41561.48,398958
121009,Nov-2022,21110.84,349493
121009,Dec-2022,9833.77,199033
121009,Jan-2023,48782.52,180890
121009,Feb-2023,17197.87,156186
121009,Mar-2023,21549.84,392211
121009,Apr-2023,16494.03,41136
121009,May-2023,46536.18,241638
121009,Jun-2023,12100.21,38141
121009,Jul-2023,10965.77,321879
121009,Aug-2023,47735.33,118299
121009,Sep-2023,35456.92,386400
121009,Oct-2023,42894.77,459976
121009,Nov-2023,31274.83,409228
121009,Dec-2023,25504.09,280344
121009,Jan-2024,34507.7,429959
121009,Feb-2024,30012.93,351210
121009,Mar-2024,22502.18,114259
121009,Apr-2024,7918.54,338006
121009,May-2024,27621.53,260662
121009,Jun-2024,26780.28,260130
121009,Jul-2024,25589.85,4493
121009,Aug-2024,37898.9,375381
121009,Sep-2024,16546.18,416762
121009,Oct-2024,922.65,176025
121009,Nov-2024,5753.48,212330
121009,Dec-2024,38308.95,131900
121010,Jan-2022,39914.68,408115
121010,Feb-2022,43500.79,124759
121010,Mar-2022,18847.33,266192
121010,Apr-2022,23396.0,399227
121010,May-2022,35658.77,121716
121010,Jun-2022,3623.27,178800
121010,Jul-2022,12777.17,245923
121010,Aug-2022,45906.05,348847
121010,Sep-2022,31451.75,164828
121010,Oct-2022,804.76,384707
121010,Nov-2022,38027.15,165880
121010,Dec-2022,20691.3,417933
121010,Jan-2023,24745.18,497248
121010,Feb-2023,8814.32,27134
121010,Mar-2023,2918.21,137350
121010,Apr-2023,40013.22,365952
121010,May-2023,5522.48,491051
121010,Jun-2023,41992.38,460876
121010,Jul-2023,28856.62,238363
121010,Aug-2023,44135.14,489165
121010,Sep-2023,11209.82,315241
121010,Oct-2023,22203.67,477063
121010,Nov-2023,7827.81,116187
121010,Dec-2023,34241.31,100844
121010,Jan-2024,49379.16,197425
121010,Feb-2024,28699.42,223190
121010,Mar-2024,15081.96,344357
121010,Apr-2024,5846.28,422883
121010,May-2024,29154.14,218689
121010,Jun-2024,156.87,293524
121010,Jul-2024,47034.06,151090
121010,Aug-2024,23426.92,487196
121010,Sep-2024,36309.51,120485
121010,Oct-2024,5923.58,424507
121010,Nov-2024,4322.48,165270
121010,Dec-2024,28018.67,344965
121011,Jan-2022,34001.74,46507
121011,Feb-2022,36346.95,286426
121011,Mar-2022,7829.97,415488
121011,Apr-2022,11927.46,108593
121011,May-2022,20884.35,275606
121011,Jun-2022,41586.7,380020
121011,Jul-2022,20124.7,171236
121011,Aug-2022,14829.4,301422
121011,Sep-2022,23841.27,235183
121011,Oct-2022,13537.37,470514
121011,Nov-2022,39418.39,244125
121011,Dec-2022,17327.62,22054
121011,Jan-2023,32973.19,392815
121011,Feb-2023,29650.04,388224
121011,Mar-2023,43474.18,95678
121011,Apr-2023,30913.5,410572
121011,May-2023,17471.34,116495
121011,Jun-2023,30793.34,182491
121011,Jul-2023,32861.93,26520
121011,Aug-2023,19936.12,197898
121011,Sep-2023,8921.31,482473
121011,Oct-2023,23128.43,1143
121011,Nov-2023,41558.98,324786
121011,Dec-2023,49697.62,383504
121011,Jan-2024,33503.35,74139
121011,Feb-2024,33899.71,117722
121011,Mar-2024,41441.09,139941
121011,Apr-2024,24138.04,320857
121011,May-2024,30963.77,33414
121011,Jun-2024,13329.11,13875
121011,Jul-2024,7971.09,495633
121011,Aug-2024,44662.52,207294
121011,Sep-2024,9478.68,191013
121011,Oct-2024,38868.4,36421
121011,Nov-2024,43408.36,4656
121011,Dec-2024,18890.67,266166
121012,Jan-2022,21583.7,459106
121012,Feb-2022,41579.45,329836
121012,Mar-2022,9553.08,390137
121012,Apr-2022,32903.76,451226
121012,May-2022,36940.7,452932
121012,Jun-2022,45925.4,44369
121012,Jul-2022,26456.91,202063
121012,Aug-2022,20006.97,181691
121012,Sep-2022,14722.4,496789
121012,Oct-2022,1829.48,82323
121012,Nov-2022,13293.97,351483
121012,Dec-2022,33371.35,248809
121012,Jan-2023,36693.99,482975
121012,Feb-2023,5891.5,298206
121012,Mar-2023,21634.27,304668
121012,Apr-2023,37184.47,334035
121012,May-2023,16292.89,464439
121012,Jun-2023,39789.54,464292
121012,Jul-2023,42601.37,194917
121012,Aug-2023,20746.65,333605
121012,Sep-2023,46715.01,13982
121012,Oct-2023,41440.92,450821
121012,Nov-2023,44567.24,224570
121012,Dec-2023,37343.23,458388
121012,Jan-2024,10096.78,125426
121012,Feb-2024,30838.1,269735
121012,Mar-2024,38691.34,30242
121012,Apr-2024,25692.27,248078
121012,May-2024,49778.69,194795
121012,Jun-2024,6587.49,226650
121012,Jul-2024,35513.22,151009
121012,Aug-2024,12502.09,181908
121012,Sep-2024,31460.25,133304
121012,Oct-2024,15709.16,477229
121012,Nov-2024,18676.34,422887
121012,Dec-2024,34430.92,233279
121013,Jan-2022,19857.85,461008
121013,Feb-2022,35075.18,213119
121013,Mar-2022,49258.24,341995
121013,Apr-2022,29307.84,158935
121013,May-2022,39740.77,142505
121013,Jun-2022,40934.13,106851
121013,Jul-2022,17811.04,24768
121013,Aug-2022,1342.65,56400
121013,Sep-2022,1751.03,212398
121013,Oct-2022,33779.44,399023
121013,Nov-2022,39695.16,213922
121013,Dec-2022,19110.67,376720
121013,Jan-2023,46657.63,340762
121013,Feb-2023,17482.75,439094
121013,Mar-2023,38669.76,422239
121013,Apr-2023,24474.37,410009
121013,May-2023,6108.9,1081
121013,Jun-2023,49441.68,167694
121013,Jul-2023,35825.18,481415
121013,Aug-2023,45605.02,387580
121013,Sep-2023,10217.87,142037
121013,Oct-2023,25955.29,484233
121013,Nov-2023,37259.46,479173
121013,Dec-2023,16537.41,159786
121013,Jan-2024,18044.03,321554
121013,Feb-2024,3218.91,174681
121013,Mar-2024,15547.76,299359
121013,Apr-2024,45108.45,324042
121013,May-2024,2179.1,339142
121013,Jun-2024,29660.72,9297
121013,Jul-2024,35013.75,398219
121013,Aug-2024,48654.86,304511
121013,Sep-2024,11520.53,328575
121013,Oct-2024,45803.51,241141
121013,Nov-2024,30913.11,336822
121013,Dec-2024,46648.8,288983
121014,Jan-2022,17011.25,342697
121014,Feb-2022,6548.62,79430
121014,Mar-2022,41111.43,219106
121014,Apr-2022,11770.53,428617
121014,May-2022,22907.86,48285
121014,Jun-2022,7037.8,292841
121014,Jul-2022,42455.65,454446
121014,Aug-2022,43187.34,210020
121014,Sep-2022,38027.83,23564
121014,Oct-2022,35857.05,148182
121014,Nov-2022,37061.18,199178
121014,Dec-2022,12761.41,156320
121014,Jan-2023,41189.05,339126
121014,Feb-2023,37004.7,339288
121014,Mar-2023,15721.46,64516
121014,Apr-2023,35743.9,361374
121014,May-2023,16730.42,219690
121014,Jun-2023,21626.6,135959
121014,Jul-2023,36980.7,453348
121014,Aug-2023,43725.69,97600
121014,Sep-2023,12838.27,427831
121014,Oct-2023,7874.9,419977
121014,Nov-2023,36998.09,222220
121014,Dec-2023,33106.8,281136
121014,Jan-2024,48709.42,18559
121014,Feb-2024,7541.44,27226
121014,Mar-2024,4046.33,96410
121014,Apr-2024,40160.08,260298
121014,May-2024,2835.76,369753
121014,Jun-2024,21709.49,389923
121014,Jul-2024,47077.29,144397
121014,Aug-2024,49231.44,191965
121014,Sep-2024,27870.43,252615
121014,Oct-2024,31631.11,495006
121014,Nov-2024,17382.16,333358
121014,Dec-2024,24399.31,401900
121015,Jan-2022,15509.52,318335
121015,Feb-2022,43608.44,239689
121015,Mar-2022,36642.14,384164
121015,Apr-2022,41946.03,87710
121015,May-2022,21627.79,332848
121015,Jun-2022,7443.89,42351
121015,Jul-2022,3401.57,23281
121015,Aug-2022,12952.48,338617
121015,Sep-2022,4907.82,205313
121015,Oct-2022,43361.61,183469
121015,Nov-2022,31473.53,137580
121015,Dec-2022,36686.41,243627
121015,Jan-2023,3887.16,165070
121015,Feb-2023,8969.04,441503
121015,Mar-2023,1166.94,267612
121015,Apr-2023,3016.52,181817
121015,May-2023,8437.23,368981
121015,Jun-2023,20296.18,369760
121015,Jul-2023,444.25,51209
121015,Aug-2023,35384.84,322234
121015,Sep-2023,45107.98,63624
121015,Oct-2023,42872.57,78146
121015,Nov-2023,35464.53,486307
121015,Dec-2023,13162.32,282247
121015,Jan-2024,22946.35,149958
121015,Feb-2024,35912.95,99936
121015,Mar-2024,35209.13,128578
121015,Apr-2024,12705.57,96573
121015,May-2024,45065.48,374717
121015,Jun-2024,27600.75,236370
121015,Jul-2024,47935.4,168211
121015,Aug-2024,31393.8,104304
121015,Sep-2024,38723.35,74194
121015,Oct-2024,15509.96,160400
121015,Nov-2024,44851.28,248550
121015,Dec-2024,7952.05,50603
121016,Jan-2022,20606.66,470641
121016,Feb-2022,22804.08,399397
121016,Mar-2022,13601.24,335379
121016,Apr-2022,22328.48,210727
121016,May-2022,36378.56,254337
121016,Jun-2022,16130.43,434506
121016,Jul-2022,35456.13,14543
121016,Aug-2022,38370.68,350992
121016,Sep-2022,28805.51,268504
121016,Oct-2022,32827.78,8334
121016,Nov-2022,30653.65,163828
121016,Dec-2022,14136.8,306148
121016,Jan-2023,4984.48,68115
121016,Feb-2023,10888.63,95486
121016,Mar-2023,8763.11,212541
121016,Apr-2023,3527.71,123023
121016,May-2023,13539.36,325957
121016,Jun-2023,25617.92,498944
121016,Jul-2023,17286.7,71393
121016,Aug-2023,23526.08,360523
121016,Sep-2023,1571.95,278981
121016,Oct-2023,15272.92,274147
121016,Nov-2023,28602.08,310383
121016,Dec-2023,24179.24,87435
121016,Jan-2024,9762.65,318557
121016,Feb-2024,34389.52,150108
121016,Mar-2024,11459.87,149415
121016,Apr-2024,3749.62,209151
121016,May-2024,34389.4,425855
121016,Jun-2024,40708.14,269932
121016,Jul-2024,26800.26,283561
121016,Aug-2024,12132.48,497112
121016,Sep-2024,37131.11,261535
121016,Oct-2024,18860.63,216731
121016,Nov-2024,36603.31,449110
121016,Dec-2024,37803.29,477822
121017,Jan-2022,16573.13,457850
121017,Feb-2022,10935.29,255435
121017,Mar-2022,31049.92,289712
121017,Apr-2022,11483.84,201890
121017,May-2022,1152.53,60582
121017,Jun-2022,4033.16,462736
121017,Jul-2022,16532.54,293389
121017,Aug-2022,24756.95,96036
121017,Sep-2022,9827.75,154553
121017,Oct-2022,11318.49,368369
121017,Nov-2022,9354.29,204351
121017,Dec-2022,14948.41,109225
121017,Jan-2023,32127.39,21476
121017,Feb-2023,34872.83,105604
121017,Mar-2023,21565.53,428852
121017,Apr-2023,12078.22,99307
121017,May-2023,26413.96,250824
121017,Jun-2023,25734.79,189935
121017,Jul-2023,40647.72,392480
121017,Aug-2023,19741.17,23869
121017,Sep-2023,20830.6,124166
121017,Oct-2023,22149.77,126207
121017,Nov-2023,28374.99,116201
121017,Dec-2023,33524.68,292894
121017,Jan-2024,3930.77,27419
121017,Feb-2024,37904.87,230543
121017,Mar-2024,22806.76,306054
121017,Apr-2024,29563.4,328586
121017,May-2024,23289.47,271217
121017,Jun-2024,31697.93,40385
121017,Jul-2024,26772.2,465415
121017,Aug-2024,10422.15,3836
121017,Sep-2024,3163.84,157104
121017,Oct-2024,855.88,285546
121017,Nov-2024,42136.81,92360
121017,Dec-2024,48781.39,473779
121018,Jan-2022,11406.56,470636
121018,Feb-2022,44569.32,248075
121018,Mar-2022,34398.02,305421
121018,Apr-2022,41714.2,150074
121018,May-2022,28739.42,35723
121018,Jun-2022,48473.53,365262
121018,Jul-2022,49875.72,399367
121018,Aug-2022,7914.96,252906
121018,Sep-2022,31016.0,247104
121018,Oct-2022,28650.03,322282
121018,Nov-2022,21160.24,284580
121018,Dec-2022,26748.61,291198
121018,Jan-2023,47240.16,267756
121018,Feb-2023,19745.09,418962
121018,Mar-2023,28586.24,308515
121018,Apr-2023,25584.84,283460
121018,May-2023,2997.47,180647
121018,Jun-2023,36590.4,356584
121018,Jul-2023,24260.82,279362
121018,Aug-2023,49197.72,450884
121018,Sep-2023,40664.35,445735
121018,Oct-2023,24426.38,464003
121018,Nov-2023,45720.64,433512
121018,Dec-2023,31216.0,467578
121018,Jan-2024,7620.98,448933
121018,Feb-2024,23668.06,77001
121018,Mar-2024,36805.47,127818
121018,Apr-2024,40012.51,251195
121018,May-2024,38512.44,46482
121018,Jun-2024,6724.95,102600
121018,Jul-2024,35321.14,456951
121018,Aug-2024,46576.71,160869
121018,Sep-2024,43438.54,56270
121018,Oct-2024,29067.24,226167
121018,Nov-2024,42370.49,238699
121018,Dec-2024,27893.02,435813
121019,Jan-2022,48598.47,187757
121019,Feb-2022,2151.27,260963
121019,Mar-2022,28178.49,186835
121019,Apr-2022,49248.26,388726
121019,May-2022,5357.89,243175
121019,Jun-2022,29373.83,220828
121019,Jul-2022,44085.03,24804
121019,Aug-2022,11639.19,358229
121019,Sep-2022,42983.52,182680
121019,Oct-2022,44768.33,332457
121019,Nov-2022,41735.26,451895
121019,Dec-2022,48027.48,65501
121019,Jan-2023,22769.39,128175
121019,Feb-2023,9431.66,491293
121019,Mar-2023,39686.57,30339
121019,Apr-2023,2335.78,153140
121019,May-2023,49702.62,229472
121019,Jun-2023,4117.91,152464
121019,Jul-2023,43038.81,376702
121019,Aug-2023,28864.98,216578
121019,Sep-2023,49243.7,252656
121019,Oct-2023,3448.22,240873
121019,Nov-2023,34590.19,190120
121019,Dec-2023,9790.99,355589
121019,Jan-2024,27316.05,97571
121019,Feb-2024,2591.09,185241
121019,Mar-2024,15648.96,157657
121019,Apr-2024,15082.34,454856
121019,May-2024,11230.85,174092
121019,Jun-2024,19178.11,470515
121019,Jul-2024,47033.9,474311
121019,Aug-2024,23576.18,440236
121019,Sep-2024,19309.59,61188
121019,Oct-2024,9611.76,69721
121019,Nov-2024,11698.91,332356
121019,Dec-2024,18668.46,235706
121020,Jan-2022,40039.18,145488
121020,Feb-2022,21283.53,149041
121020,Mar-2022,6223.1,187470
121020,Apr-2022,39172.7,136338
121020,May-2022,35384.31,1991
121020,Jun-2022,28915.91,201707
121020,Jul-2022,22970.85,245173
121020,Aug-2022,19795.07,447715
121020,Sep-2022,36133.51,10721
121020,Oct-2022,21761.45,110046
121020,Nov-2022,26513.64,486013
121020,Dec-2022,29412.18,53218
121020,Jan-2023,28775.78,171062
121020,Feb-2023,49932.61,80217
121020,Mar-2023,4715.42,82587
121020,Apr-2023,24626.63,447756
121020,May-2023,11212.98,200769
121020,Jun-2023,35001.06,57286
121020,Jul-2023,37747.08,332780
121020,Aug-2023,21051.56,337046
121020,Sep-2023,8711.43,10983
121020,Oct-2023,43574.4,394979
121020,Nov-2023,19654.36,129425
121020,Dec-2023,31816.45,420767
121020,Jan-2024,26396.22,221229
121020,Feb-2024,5476.77,305692
121020,Mar-2024,6357.41,109634
121020,Apr-2024,48500.36,363625
121020,May-2024,25439.43,358188
121020,Jun-2024,3496.86,27946
121020,Jul-2024,23421.5,432479
121020,Aug-2024,7828.35,329174
121020,Sep-2024,1748.44,150855
121020,Oct-2024,7391.96,365005
121020,Nov-2024,21965.18,105730
121020,Dec-2024,6352.22,367333
