scheme_code,month,aum_cr,folios
125497,2022-01-01,10841.36,289746
125497,2022-02-01,3404.5,468328
125497,2022-03-01,39394.79,325882
125497,2022-04-01,34448.54,451122
125497,2022-05-01,3160.95,363239
125497,2022-06-01,32699.12,423080
125497,2022-07-01,13923.94,59351
125497,2022-08-01,6913.48,315198
125497,2022-09-01,35411.61,211900
125497,2022-10-01,26131.9,451594
125497,2022-11-01,47610.09,166124
125497,2022-12-01,42892.59,219609
125497,2023-01-01,38705.06,53672
125497,2023-02-01,45641.36,45126
125497,2023-03-01,45530.34,159459
125497,2023-04-01,39692.6,176356
125497,2023-05-01,11309.41,499613
125497,2023-06-01,10476.06,16166
125497,2023-07-01,24250.99,117776
125497,2023-08-01,8084.31,29825
125497,2023-09-01,47526.86,443938
125497,2023-10-01,41172.72,247426
125497,2023-11-01,10410.48,405908
125497,2023-12-01,39049.35,45172
125497,2024-01-01,17506.81,208736
125497,2024-02-01,49607.24,230442
125497,2024-03-01,15894.88,56489
125497,2024-04-01,31777.09,237099
125497,2024-05-01,4544.53,126861
125497,2024-06-01,22641.38,358499
125497,2024-07-01,8833.22,486259
125497,2024-08-01,23087.33,215840
125497,2024-09-01,32072.78,178560
125497,2024-10-01,38276.77,468629
125497,2024-11-01,19184.26,117771
125497,2024-12-01,39562.48,484854
119551,2022-01-01,1494.8,472418
119551,2022-02-01,10978.76,59176
119551,2022-03-01,4266.83,63454
119551,2022-04-01,17101.83,243228
119551,2022-05-01,48648.98,166899
119551,2022-06-01,10686.53,236895
119551,2022-07-01,48539.47,88956
119551,2022-08-01,3745.68,257427
119551,2022-09-01,4135.64,88294
119551,2022-10-01,24790.31,337971
119551,2022-11-01,31249.12,452423
119551,2022-12-01,34101.04,424980
119551,2023-01-01,43103.31,237023
119551,2023-02-01,33752.55,371601
119551,2023-03-01,6821.47,451900
119551,2023-04-01,21711.33,241930
119551,2023-05-01,27080.7,236692
119551,2023-06-01,31059.82,196180
119551,2023-07-01,19683.55,9403
119551,2023-08-01,19804.28,279251
119551,2023-09-01,45098.19,210225
119551,2023-10-01,36573.53,187334
119551,2023-11-01,30725.38,175010
119551,2023-12-01,40400.79,193376
119551,2024-01-01,46385.6,414162
119551,2024-02-01,47434.54,380481
119551,2024-03-01,21871.7,174371
119551,2024-04-01,43823.53,456956
119551,2024-05-01,38143.13,141799
119551,2024-06-01,36533.67,417765
119551,2024-07-01,25664.19,419518
119551,2024-08-01,20942.57,276657
119551,2024-09-01,33248.21,77063
119551,2024-10-01,37009.01,163070
119551,2024-11-01,25305.26,290942
119551,2024-12-01,7446.67,177240
120503,2022-01-01,12850.74,339868
120503,2022-02-01,18555.48,320459
120503,2022-03-01,1755.14,430443
120503,2022-04-01,18381.25,165539
120503,2022-05-01,11791.61,390893
120503,2022-06-01,35275.88,143871
120503,2022-07-01,37338.7,52672
120503,2022-08-01,5992.6,479490
120503,2022-09-01,15655.08,212331
120503,2022-10-01,30703.86,39445
120503,2022-11-01,917.78,49029
120503,2022-12-01,29390.3,103472
120503,2023-01-01,18001.06,257245
120503,2023-02-01,32047.85,272643
120503,2023-03-01,41963.11,482707
120503,2023-04-01,14016.96,197044
120503,2023-05-01,26986.38,302489
120503,2023-06-01,2191.52,35770
120503,2023-07-01,22666.64,173289
120503,2023-08-01,460.11,109821
120503,2023-09-01,34000.59,385701
120503,2023-10-01,7479.14,408261
120503,2023-11-01,28238.72,62624
120503,2023-12-01,13510.91,492008
120503,2024-01-01,36567.66,224094
120503,2024-02-01,46611.44,81889
120503,2024-03-01,121.64,115520
120503,2024-04-01,48823.98,148070
120503,2024-05-01,33567.44,109477
120503,2024-06-01,39589.14,106710
120503,2024-07-01,44914.47,300579
120503,2024-08-01,7885.58,244148
120503,2024-09-01,13003.79,91375
120503,2024-10-01,8139.03,471613
120503,2024-11-01,15664.15,416986
120503,2024-12-01,5369.73,73623
118632,2022-01-01,26149.05,65381
118632,2022-02-01,2403.8,198957
118632,2022-03-01,7345.22,374499
118632,2022-04-01,1327.04,19791
118632,2022-05-01,9005.66,170577
118632,2022-06-01,837.02,372080
118632,2022-07-01,15293.42,139928
118632,2022-08-01,37210.81,282829
118632,2022-09-01,33926.81,51256
118632,2022-10-01,13853.8,494223
118632,2022-11-01,106.92,488016
118632,2022-12-01,4966.18,20071
118632,2023-01-01,48764.36,84128
118632,2023-02-01,39988.49,285454
118632,2023-03-01,49255.44,331178
118632,2023-04-01,20440.03,422289
118632,2023-05-01,43806.48,3536
118632,2023-06-01,5787.01,217441
118632,2023-07-01,27451.75,42348
118632,2023-08-01,39248.46,457957
118632,2023-09-01,20156.17,483026
118632,2023-10-01,23262.71,427578
118632,2023-11-01,34260.28,489653
118632,2023-12-01,9816.23,167234
118632,2024-01-01,15742.17,404849
118632,2024-02-01,49489.57,437706
118632,2024-03-01,13269.45,101390
118632,2024-04-01,3647.03,83516
118632,2024-05-01,37715.6,244935
118632,2024-06-01,27849.4,264472
118632,2024-07-01,2355.8,284534
118632,2024-08-01,45739.69,41447
118632,2024-09-01,28878.87,482194
118632,2024-10-01,10452.32,110384
118632,2024-11-01,12121.07,251715
118632,2024-12-01,2583.19,32815
119092,2022-01-01,36027.27,76935
119092,2022-02-01,19284.8,132614
119092,2022-03-01,26914.41,100895
119092,2022-04-01,23991.44,160711
119092,2022-05-01,43264.03,409763
119092,2022-06-01,39583.86,122805
119092,2022-07-01,13271.04,364264
119092,2022-08-01,3725.67,94286
119092,2022-09-01,34241.66,223951
119092,2022-10-01,38544.3,206405
119092,2022-11-01,6720.29,138645
119092,2022-12-01,748.05,302071
119092,2023-01-01,11768.12,483832
119092,2023-02-01,2896.33,305213
119092,2023-03-01,18923.71,197448
119092,2023-04-01,36406.57,281269
119092,2023-05-01,35312.24,259159
119092,2023-06-01,3851.0,74942
119092,2023-07-01,18880.28,335572
119092,2023-08-01,15354.0,121162
119092,2023-09-01,17189.98,27826
119092,2023-10-01,25978.16,199191
119092,2023-11-01,564.26,220090
119092,2023-12-01,13291.92,149703
119092,2024-01-01,11887.53,444847
119092,2024-02-01,12639.77,394520
119092,2024-03-01,7633.14,121136
119092,2024-04-01,19208.78,426061
119092,2024-05-01,9283.3,278060
119092,2024-06-01,32893.0,375852
119092,2024-07-01,47270.46,411469
119092,2024-08-01,34746.34,439019
119092,2024-09-01,8133.46,67104
119092,2024-10-01,6027.56,242107
119092,2024-11-01,27514.97,298124
119092,2024-12-01,290.77,458474
120841,2022-01-01,43813.14,42685
120841,2022-02-01,7647.35,270119
120841,2022-03-01,42807.7,196458
120841,2022-04-01,22463.47,268911
120841,2022-05-01,25035.94,492892
120841,2022-06-01,5725.63,74538
120841,2022-07-01,33111.67,280208
120841,2022-08-01,34753.49,440325
120841,2022-09-01,42055.18,116839
120841,2022-10-01,1698.82,422541
120841,2022-11-01,38570.65,445902
120841,2022-12-01,17563.85,386274
120841,2023-01-01,20551.47,18353
120841,2023-02-01,49329.08,372999
120841,2023-03-01,49392.48,105732
120841,2023-04-01,39498.58,237447
120841,2023-05-01,23356.47,37464
120841,2023-06-01,32521.41,433113
120841,2023-07-01,46838.36,129125
120841,2023-08-01,16576.36,498622
120841,2023-09-01,48968.26,297314
120841,2023-10-01,11980.5,346563
120841,2023-11-01,255.29,203074
120841,2023-12-01,11196.75,342235
120841,2024-01-01,11645.79,218051
120841,2024-02-01,1643.2,276531
120841,2024-03-01,20876.83,89511
120841,2024-04-01,1460.29,399887
120841,2024-05-01,31234.68,336269
120841,2024-06-01,43155.68,80031
120841,2024-07-01,19595.28,241275
120841,2024-08-01,36218.63,406249
120841,2024-09-01,43903.97,70769
120841,2024-10-01,24357.04,258913
120841,2024-11-01,1967.78,429084
120841,2024-12-01,26146.62,267373
118989,2022-01-01,30359.1,210290
118989,2022-02-01,27044.4,66379
118989,2022-03-01,22756.21,302994
118989,2022-04-01,33061.45,298392
118989,2022-05-01,18135.03,60105
118989,2022-06-01,19815.38,252522
118989,2022-07-01,38297.95,289439
118989,2022-08-01,14717.78,398415
118989,2022-09-01,13051.34,497208
118989,2022-10-01,38723.41,339483
118989,2022-11-01,642.19,278879
118989,2022-12-01,15455.77,214290
118989,2023-01-01,38349.37,445422
118989,2023-02-01,38934.5,72626
118989,2023-03-01,33104.19,489836
118989,2023-04-01,49513.14,421621
118989,2023-05-01,23880.1,146507
118989,2023-06-01,35527.05,350006
118989,2023-07-01,42244.21,163669
118989,2023-08-01,5471.62,259544
118989,2023-09-01,48970.21,68995
118989,2023-10-01,48122.49,29361
118989,2023-11-01,12842.38,278375
118989,2023-12-01,47538.01,246749
118989,2024-01-01,33865.36,229527
118989,2024-02-01,16362.05,293195
118989,2024-03-01,14691.06,159149
118989,2024-04-01,29357.98,17356
118989,2024-05-01,21562.05,178899
118989,2024-06-01,19272.28,112926
118989,2024-07-01,47053.02,318760
118989,2024-08-01,21577.32,424351
118989,2024-09-01,48999.66,394562
118989,2024-10-01,17522.18,231596
118989,2024-11-01,19457.24,50611
118989,2024-12-01,13460.96,437433
120594,2022-01-01,11182.93,249300
120594,2022-02-01,36740.02,480313
120594,2022-03-01,38212.66,311621
120594,2022-04-01,34177.08,370404
120594,2022-05-01,4653.27,254559
120594,2022-06-01,12521.2,377085
120594,2022-07-01,6707.02,359809
120594,2022-08-01,1490.4,491518
120594,2022-09-01,1678.64,230184
120594,2022-10-01,42225.68,155646
120594,2022-11-01,48899.41,225327
120594,2022-12-01,19832.45,60145
120594,2023-01-01,36741.66,469903
120594,2023-02-01,11745.5,323118
120594,2023-03-01,16527.38,155531
120594,2023-04-01,1866.79,297592
120594,2023-05-01,37935.63,222192
120594,2023-06-01,41434.47,138427
120594,2023-07-01,34215.08,243318
120594,2023-08-01,38391.32,323061
120594,2023-09-01,3849.21,173459
120594,2023-10-01,26134.7,130725
120594,2023-11-01,38880.1,74698
120594,2023-12-01,19166.97,424678
120594,2024-01-01,39703.02,97369
120594,2024-02-01,4213.52,110916
120594,2024-03-01,12404.51,27446
120594,2024-04-01,27247.42,451670
120594,2024-05-01,24119.32,147154
120594,2024-06-01,603.64,371924
120594,2024-07-01,6003.33,369036
120594,2024-08-01,6171.19,50701
120594,2024-09-01,22727.17,301189
120594,2024-10-01,39307.68,141060
120594,2024-11-01,41968.05,33365
120594,2024-12-01,9883.51,462544
119775,2022-01-01,25192.3,302195
119775,2022-02-01,12071.42,25300
119775,2022-03-01,30792.36,186577
119775,2022-04-01,34565.89,211773
119775,2022-05-01,41977.45,311276
119775,2022-06-01,46936.79,30708
119775,2022-07-01,2215.93,441065
119775,2022-08-01,31917.82,490852
119775,2022-09-01,2260.67,414013
119775,2022-10-01,12984.6,197420
119775,2022-11-01,39948.76,410951
119775,2022-12-01,41328.0,113502
119775,2023-01-01,15685.84,8505
119775,2023-02-01,13593.41,494582
119775,2023-03-01,34279.54,470161
119775,2023-04-01,10901.32,400296
119775,2023-05-01,3880.21,172084
119775,2023-06-01,33886.25,276072
119775,2023-07-01,40882.08,260469
119775,2023-08-01,43627.07,137109
119775,2023-09-01,45796.76,270556
119775,2023-10-01,479.08,389814
119775,2023-11-01,4452.1,317982
119775,2023-12-01,36724.04,498870
119775,2024-01-01,31376.9,345301
119775,2024-02-01,2078.11,450779
119775,2024-03-01,37893.16,114846
119775,2024-04-01,42426.22,327684
119775,2024-05-01,38917.42,61921
119775,2024-06-01,3641.33,242980
119775,2024-07-01,45479.14,299408
119775,2024-08-01,17884.16,381987
119775,2024-09-01,49198.02,144175
119775,2024-10-01,18590.97,156243
119775,2024-11-01,48736.32,33951
119775,2024-12-01,43971.83,334387
118825,2022-01-01,44398.93,384903
118825,2022-02-01,13421.64,268687
118825,2022-03-01,42387.55,448944
118825,2022-04-01,28261.12,251441
118825,2022-05-01,27114.26,445364
118825,2022-06-01,2388.87,5784
118825,2022-07-01,30857.58,156846
118825,2022-08-01,22906.23,397424
118825,2022-09-01,9601.37,15056
118825,2022-10-01,38439.35,203911
118825,2022-11-01,5520.21,77115
118825,2022-12-01,35140.42,280539
118825,2023-01-01,20850.06,222634
118825,2023-02-01,44185.5,301029
118825,2023-03-01,10719.38,320562
118825,2023-04-01,3136.33,68406
118825,2023-05-01,36338.03,186529
118825,2023-06-01,34550.64,450364
118825,2023-07-01,48825.0,308299
118825,2023-08-01,14495.89,354347
118825,2023-09-01,12853.91,11361
118825,2023-10-01,33823.0,333668
118825,2023-11-01,26238.24,492771
118825,2023-12-01,20890.41,263917
118825,2024-01-01,17561.06,360954
118825,2024-02-01,37401.11,317392
118825,2024-03-01,40688.95,357495
118825,2024-04-01,42900.94,154610
118825,2024-05-01,15206.84,96840
118825,2024-06-01,40319.51,153134
118825,2024-07-01,48471.83,179718
118825,2024-08-01,5642.86,466180
118825,2024-09-01,14494.98,458898
118825,2024-10-01,40331.56,380188
118825,2024-11-01,25262.9,30318
118825,2024-12-01,25142.19,9035
120465,2022-01-01,1654.23,318342
120465,2022-02-01,32877.32,141416
120465,2022-03-01,6816.66,499836
120465,2022-04-01,31107.17,356532
120465,2022-05-01,21541.74,212994
120465,2022-06-01,45741.85,186705
120465,2022-07-01,27703.22,470390
120465,2022-08-01,20680.87,444560
120465,2022-09-01,29772.55,419000
120465,2022-10-01,6291.89,477349
120465,2022-11-01,13212.76,150880
120465,2022-12-01,21158.02,458430
120465,2023-01-01,13674.57,99015
120465,2023-02-01,5200.24,498672
120465,2023-03-01,30616.0,180239
120465,2023-04-01,39358.28,394249
120465,2023-05-01,22147.92,104271
120465,2023-06-01,42067.25,22936
120465,2023-07-01,40156.6,24857
120465,2023-08-01,17092.32,119452
120465,2023-09-01,25678.36,229913
120465,2023-10-01,41046.17,57957
120465,2023-11-01,46112.79,66193
120465,2023-12-01,46209.07,154788
120465,2024-01-01,40063.39,96999
120465,2024-02-01,48460.77,364184
120465,2024-03-01,16300.04,361830
120465,2024-04-01,5010.34,457905
120465,2024-05-01,23952.91,387669
120465,2024-06-01,6228.25,276453
120465,2024-07-01,36893.96,203551
120465,2024-08-01,22831.47,238114
120465,2024-09-01,29113.84,402027
120465,2024-10-01,10081.26,68221
120465,2024-11-01,9116.15,39230
120465,2024-12-01,38682.18,476014
119386,2022-01-01,26506.93,213559
119386,2022-02-01,32533.91,330068
119386,2022-03-01,13191.02,61858
119386,2022-04-01,27791.44,44217
119386,2022-05-01,13225.82,316008
119386,2022-06-01,11879.05,436862
119386,2022-07-01,28685.79,469136
119386,2022-08-01,37170.85,210626
119386,2022-09-01,47542.24,54573
119386,2022-10-01,2313.29,206373
119386,2022-11-01,33105.43,443131
119386,2022-12-01,5314.63,65463
119386,2023-01-01,33111.75,241174
119386,2023-02-01,6525.98,52303
119386,2023-03-01,22010.13,251820
119386,2023-04-01,45694.34,226710
119386,2023-05-01,13879.1,250991
119386,2023-06-01,35405.3,201066
119386,2023-07-01,41368.29,133129
119386,2023-08-01,31590.76,175211
119386,2023-09-01,31246.88,247298
119386,2023-10-01,6019.2,152300
119386,2023-11-01,34157.6,346411
119386,2023-12-01,15982.29,134765
119386,2024-01-01,28660.52,60198
119386,2024-02-01,12150.77,81243
119386,2024-03-01,22359.33,373911
119386,2024-04-01,38635.58,439363
119386,2024-05-01,15948.08,306379
119386,2024-06-01,49368.51,151732
119386,2024-07-01,32703.88,296931
119386,2024-08-01,2850.7,343081
119386,2024-09-01,5338.13,265055
119386,2024-10-01,42116.36,147932
119386,2024-11-01,45542.4,211011
119386,2024-12-01,35738.42,96323
118551,2022-01-01,43719.47,85974
118551,2022-02-01,22994.48,439571
118551,2022-03-01,13013.05,160638
118551,2022-04-01,13901.5,478185
118551,2022-05-01,12709.48,270442
118551,2022-06-01,26673.52,103635
118551,2022-07-01,5448.5,174922
118551,2022-08-01,47190.1,285773
118551,2022-09-01,25297.96,49982
118551,2022-10-01,45294.6,482708
118551,2022-11-01,39635.85,210694
118551,2022-12-01,44045.83,304420
118551,2023-01-01,27793.69,298338
118551,2023-02-01,46266.46,104393
118551,2023-03-01,25159.28,305045
118551,2023-04-01,19717.98,453966
118551,2023-05-01,16852.64,498651
118551,2023-06-01,31758.83,383229
118551,2023-07-01,22042.27,148029
118551,2023-08-01,25877.17,439415
118551,2023-09-01,738.28,59668
118551,2023-10-01,3251.52,346908
118551,2023-11-01,24107.0,265737
118551,2023-12-01,12174.98,96847
118551,2024-01-01,48992.78,457980
118551,2024-02-01,37909.59,57626
118551,2024-03-01,31908.51,222800
118551,2024-04-01,46773.36,98326
118551,2024-05-01,10150.68,215023
118551,2024-06-01,39547.04,258276
118551,2024-07-01,38202.2,347354
118551,2024-08-01,41979.69,160534
118551,2024-09-01,48108.62,340833
118551,2024-10-01,32650.53,237535
118551,2024-11-01,18289.25,190751
118551,2024-12-01,23538.82,177687
120178,2022-01-01,9936.94,407780
120178,2022-02-01,8362.19,345011
120178,2022-03-01,358.53,76375
120178,2022-04-01,3913.37,220298
120178,2022-05-01,28165.69,126667
120178,2022-06-01,6949.49,260664
120178,2022-07-01,12375.24,184998
120178,2022-08-01,29738.26,13201
120178,2022-09-01,14714.02,383594
120178,2022-10-01,31528.31,356779
120178,2022-11-01,18742.02,88696
120178,2022-12-01,16076.21,11839
120178,2023-01-01,16310.7,356401
120178,2023-02-01,47676.83,167019
120178,2023-03-01,8311.53,262319
120178,2023-04-01,41636.71,135759
120178,2023-05-01,46265.36,419686
120178,2023-06-01,27048.43,234674
120178,2023-07-01,2737.63,413580
120178,2023-08-01,29768.56,404211
120178,2023-09-01,24002.6,310474
120178,2023-10-01,22244.17,151985
120178,2023-11-01,36792.07,169060
120178,2023-12-01,25390.03,41306
120178,2024-01-01,1828.44,238385
120178,2024-02-01,10629.79,386354
120178,2024-03-01,45179.05,172919
120178,2024-04-01,22917.46,238571
120178,2024-05-01,18081.56,246594
120178,2024-06-01,16967.59,258664
120178,2024-07-01,18060.24,117001
120178,2024-08-01,17326.2,98610
120178,2024-09-01,40604.58,394459
120178,2024-10-01,41081.28,123599
120178,2024-11-01,43079.5,309223
120178,2024-12-01,1631.13,333500
119203,2022-01-01,28095.57,87255
119203,2022-02-01,18352.59,416741
119203,2022-03-01,14212.83,4223
119203,2022-04-01,21211.51,161367
119203,2022-05-01,3601.44,129490
119203,2022-06-01,32382.06,119604
119203,2022-07-01,23676.96,495246
119203,2022-08-01,46550.87,124423
119203,2022-09-01,14847.57,360094
119203,2022-10-01,10047.48,65529
119203,2022-11-01,14899.58,283856
119203,2022-12-01,3409.4,261756
119203,2023-01-01,42761.61,274524
119203,2023-02-01,15985.69,438860
119203,2023-03-01,38788.09,119634
119203,2023-04-01,42287.66,300246
119203,2023-05-01,13920.62,311190
119203,2023-06-01,3727.47,305507
119203,2023-07-01,571.66,495503
119203,2023-08-01,14797.93,437474
119203,2023-09-01,22326.0,324819
119203,2023-10-01,43852.69,116657
119203,2023-11-01,19288.26,146506
119203,2023-12-01,30438.84,90380
119203,2024-01-01,10352.62,408768
119203,2024-02-01,33672.47,131084
119203,2024-03-01,47965.05,80252
119203,2024-04-01,6294.7,377650
119203,2024-05-01,15696.6,212120
119203,2024-06-01,13829.85,398386
119203,2024-07-01,37029.47,92448
119203,2024-08-01,44231.99,236424
119203,2024-09-01,18021.54,100146
119203,2024-10-01,20430.99,467351
119203,2024-11-01,36339.16,238772
119203,2024-12-01,26586.39,98402
118712,2022-01-01,15575.74,340998
118712,2022-02-01,21919.96,7350
118712,2022-03-01,8707.57,230906
118712,2022-04-01,40448.58,479334
118712,2022-05-01,37002.3,182820
118712,2022-06-01,13029.33,227212
118712,2022-07-01,16285.72,363197
118712,2022-08-01,27639.24,102977
118712,2022-09-01,40582.69,385835
118712,2022-10-01,326.92,94518
118712,2022-11-01,6367.77,9698
118712,2022-12-01,1027.94,231005
118712,2023-01-01,20223.07,100968
118712,2023-02-01,5477.54,56467
118712,2023-03-01,35659.29,315195
118712,2023-04-01,9804.63,499749
118712,2023-05-01,11556.5,191099
118712,2023-06-01,39276.96,148912
118712,2023-07-01,25344.1,244381
118712,2023-08-01,27370.71,285767
118712,2023-09-01,46874.83,92909
118712,2023-10-01,7979.99,18391
118712,2023-11-01,19167.44,135384
118712,2023-12-01,5785.45,244527
118712,2024-01-01,44669.17,145835
118712,2024-02-01,46618.94,339251
118712,2024-03-01,47045.98,388852
118712,2024-04-01,42665.11,256753
118712,2024-05-01,36864.05,322792
118712,2024-06-01,32901.73,180893
118712,2024-07-01,47642.1,138140
118712,2024-08-01,35499.66,382240
118712,2024-09-01,11171.39,98602
118712,2024-10-01,19544.27,415733
118712,2024-11-01,31241.49,458078
118712,2024-12-01,25810.55,339185
120333,2022-01-01,8362.7,99144
120333,2022-02-01,12437.39,349030
120333,2022-03-01,13341.69,154269
120333,2022-04-01,31035.12,64268
120333,2022-05-01,5958.55,282783
120333,2022-06-01,44487.16,173263
120333,2022-07-01,22707.99,343956
120333,2022-08-01,24686.58,447357
120333,2022-09-01,9023.81,62693
120333,2022-10-01,17737.03,379698
120333,2022-11-01,48323.89,310757
120333,2022-12-01,41125.16,131802
120333,2023-01-01,24743.63,266793
120333,2023-02-01,9233.51,421224
120333,2023-03-01,31720.06,467418
120333,2023-04-01,40295.24,57479
120333,2023-05-01,11859.12,103979
120333,2023-06-01,32833.18,214360
120333,2023-07-01,23962.91,346179
120333,2023-08-01,34439.71,389669
120333,2023-09-01,6607.25,470241
120333,2023-10-01,21231.77,386957
120333,2023-11-01,29928.11,320220
120333,2023-12-01,21212.27,109070
120333,2024-01-01,40876.34,243381
120333,2024-02-01,46940.92,463204
120333,2024-03-01,35034.43,144612
120333,2024-04-01,22187.4,40376
120333,2024-05-01,9734.25,7320
120333,2024-06-01,8152.42,349109
120333,2024-07-01,48881.05,499910
120333,2024-08-01,2730.41,98073
120333,2024-09-01,42192.99,484058
120333,2024-10-01,1298.24,101933
120333,2024-11-01,27449.07,146778
120333,2024-12-01,13448.13,484647
119644,2022-01-01,20495.28,350570
119644,2022-02-01,27943.45,119346
119644,2022-03-01,16207.18,149424
119644,2022-04-01,23953.24,296090
119644,2022-05-01,46452.87,375110
119644,2022-06-01,34161.44,335338
119644,2022-07-01,24374.69,134856
119644,2022-08-01,15766.77,152269
119644,2022-09-01,25249.18,490560
119644,2022-10-01,6708.1,96763
119644,2022-11-01,18681.02,376396
119644,2022-12-01,11615.0,66107
119644,2023-01-01,26797.69,82949
119644,2023-02-01,11316.1,395257
119644,2023-03-01,39604.06,419933
119644,2023-04-01,49851.43,8755
119644,2023-05-01,25895.25,188818
119644,2023-06-01,32562.74,238467
119644,2023-07-01,23811.28,244797
119644,2023-08-01,18612.07,204603
119644,2023-09-01,48893.87,406529
119644,2023-10-01,25170.29,430886
119644,2023-11-01,41838.99,112228
119644,2023-12-01,26519.3,75395
119644,2024-01-01,22563.54,491452
119644,2024-02-01,45930.15,163116
119644,2024-03-01,41641.41,76354
119644,2024-04-01,31797.32,453635
119644,2024-05-01,18873.44,275595
119644,2024-06-01,5517.49,378649
119644,2024-07-01,42668.67,278389
119644,2024-08-01,40928.8,15360
119644,2024-09-01,35226.63,446419
119644,2024-10-01,7435.19,45141
119644,2024-11-01,22674.33,438450
119644,2024-12-01,43377.9,150637
118890,2022-01-01,9722.4,347444
118890,2022-02-01,13097.5,209122
118890,2022-03-01,6446.39,169488
118890,2022-04-01,43013.36,130610
118890,2022-05-01,35803.46,45685
118890,2022-06-01,20323.44,457205
118890,2022-07-01,12096.59,109190
118890,2022-08-01,24808.38,14132
118890,2022-09-01,2082.44,103278
118890,2022-10-01,30274.94,3133
118890,2022-11-01,8324.82,272458
118890,2022-12-01,28718.78,280329
118890,2023-01-01,36219.57,275689
118890,2023-02-01,35287.26,192181
118890,2023-03-01,18361.68,178397
118890,2023-04-01,15568.51,49795
118890,2023-05-01,477.61,168456
118890,2023-06-01,37041.53,231768
118890,2023-07-01,39258.9,149210
118890,2023-08-01,5371.59,116816
118890,2023-09-01,9352.96,457634
118890,2023-10-01,15673.93,491872
118890,2023-11-01,21521.29,240157
118890,2023-12-01,39487.58,38737
118890,2024-01-01,22479.67,437638
118890,2024-02-01,23699.8,44611
118890,2024-03-01,35692.4,388824
118890,2024-04-01,48434.77,237045
118890,2024-05-01,43596.02,217590
118890,2024-06-01,47031.33,257888
118890,2024-07-01,40588.25,330907
118890,2024-08-01,38593.35,184766
118890,2024-09-01,25342.03,361370
118890,2024-10-01,26078.99,270016
118890,2024-11-01,40203.56,410651
118890,2024-12-01,16043.93,459368
120712,2022-01-01,32131.86,189030
120712,2022-02-01,44386.11,314576
120712,2022-03-01,22415.86,312163
120712,2022-04-01,10233.99,95890
120712,2022-05-01,2658.7,34000
120712,2022-06-01,15130.86,51263
120712,2022-07-01,5217.89,338374
120712,2022-08-01,18164.73,435674
120712,2022-09-01,18486.52,301185
120712,2022-10-01,15136.75,378995
120712,2022-11-01,35787.6,156148
120712,2022-12-01,18072.88,411389
120712,2023-01-01,23942.82,334738
120712,2023-02-01,21215.89,161792
120712,2023-03-01,29079.28,479074
120712,2023-04-01,23260.24,175470
120712,2023-05-01,24861.56,250208
120712,2023-06-01,8266.08,13227
120712,2023-07-01,27114.58,152780
120712,2023-08-01,35239.26,2322
120712,2023-09-01,45282.7,98932
120712,2023-10-01,15776.15,377529
120712,2023-11-01,22547.06,41205
120712,2023-12-01,34053.8,325707
120712,2024-01-01,48877.1,42231
120712,2024-02-01,12551.79,246997
120712,2024-03-01,18173.37,382000
120712,2024-04-01,31672.21,461299
120712,2024-05-01,43226.15,490342
120712,2024-06-01,48274.97,362318
120712,2024-07-01,25111.38,179345
120712,2024-08-01,44305.92,475002
120712,2024-09-01,42170.41,41524
120712,2024-10-01,26324.33,469607
120712,2024-11-01,37167.17,106893
120712,2024-12-01,38835.42,278112
121001,2022-01-01,38211.25,308524
121001,2022-02-01,21479.61,379443
121001,2022-03-01,39834.76,391152
121001,2022-04-01,31849.13,438368
121001,2022-05-01,22787.18,123894
121001,2022-06-01,38944.67,426770
121001,2022-07-01,23533.04,334427
121001,2022-08-01,34322.68,290354
121001,2022-09-01,34447.25,450982
121001,2022-10-01,14705.31,156207
121001,2022-11-01,44378.61,174543
121001,2022-12-01,20163.05,468568
121001,2023-01-01,45677.51,434385
121001,2023-02-01,8443.4,235875
121001,2023-03-01,36670.73,354711
121001,2023-04-01,5784.43,23896
121001,2023-05-01,47056.18,121807
121001,2023-06-01,13392.18,259293
121001,2023-07-01,24072.43,397719
121001,2023-08-01,31981.88,289510
121001,2023-09-01,17476.29,439111
121001,2023-10-01,27533.19,194314
121001,2023-11-01,31370.56,210017
121001,2023-12-01,19674.58,460756
121001,2024-01-01,43746.89,97455
121001,2024-02-01,17016.27,496615
121001,2024-03-01,1461.49,279140
121001,2024-04-01,45192.02,302581
121001,2024-05-01,2764.11,420845
121001,2024-06-01,33839.91,99377
121001,2024-07-01,40501.68,492832
121001,2024-08-01,18250.52,44233
121001,2024-09-01,12013.05,117700
121001,2024-10-01,34155.19,482473
121001,2024-11-01,23834.36,341366
121001,2024-12-01,26929.35,431313
121002,2022-01-01,45575.57,115722
121002,2022-02-01,1464.19,120165
121002,2022-03-01,21494.05,16823
121002,2022-04-01,41802.98,102934
121002,2022-05-01,26692.89,94038
121002,2022-06-01,38701.34,145043
121002,2022-07-01,26391.58,137258
121002,2022-08-01,9121.41,251894
121002,2022-09-01,49761.24,410109
121002,2022-10-01,42755.69,329850
121002,2022-11-01,38010.64,201438
121002,2022-12-01,585.61,251963
121002,2023-01-01,33366.84,300412
121002,2023-02-01,48077.11,51271
121002,2023-03-01,12538.32,91525
121002,2023-04-01,27622.82,184299
121002,2023-05-01,25180.46,495004
121002,2023-06-01,39194.04,327918
121002,2023-07-01,37906.43,466441
121002,2023-08-01,23548.83,454134
121002,2023-09-01,26755.21,468164
121002,2023-10-01,14188.32,437164
121002,2023-11-01,12371.42,94070
121002,2023-12-01,36950.18,5552
121002,2024-01-01,34410.52,83529
121002,2024-02-01,6582.78,139083
121002,2024-03-01,2222.29,203278
121002,2024-04-01,9754.77,244443
121002,2024-05-01,39690.52,187777
121002,2024-06-01,38865.29,475066
121002,2024-07-01,42594.61,240387
121002,2024-08-01,37066.44,495405
121002,2024-09-01,28409.45,369290
121002,2024-10-01,28236.2,405195
121002,2024-11-01,21682.5,238477
121002,2024-12-01,32184.72,17219
121003,2022-01-01,44886.15,346017
121003,2022-02-01,20266.9,346882
121003,2022-03-01,30883.28,444372
121003,2022-04-01,38235.58,406665
121003,2022-05-01,24609.8,178494
121003,2022-06-01,19903.5,181476
121003,2022-07-01,45404.67,228111
121003,2022-08-01,43162.68,85756
121003,2022-09-01,9844.66,260760
121003,2022-10-01,22472.31,490463
121003,2022-11-01,36698.18,171144
121003,2022-12-01,38649.3,364957
121003,2023-01-01,39490.85,421984
121003,2023-02-01,13739.38,20498
121003,2023-03-01,11562.5,483923
121003,2023-04-01,34197.54,349598
121003,2023-05-01,14921.97,497036
121003,2023-06-01,15649.87,396977
121003,2023-07-01,17212.47,301891
121003,2023-08-01,37255.03,200026
121003,2023-09-01,687.72,49305
121003,2023-10-01,34633.54,453326
121003,2023-11-01,29371.26,216793
121003,2023-12-01,39297.11,119428
121003,2024-01-01,43652.13,102701
121003,2024-02-01,14693.8,251271
121003,2024-03-01,19089.61,35721
121003,2024-04-01,15365.18,208709
121003,2024-05-01,35638.21,24423
121003,2024-06-01,41078.74,171744
121003,2024-07-01,23238.18,472561
121003,2024-08-01,47402.82,314851
121003,2024-09-01,22358.08,371233
121003,2024-10-01,27541.12,86002
121003,2024-11-01,24884.11,428083
121003,2024-12-01,43023.95,391509
121004,2022-01-01,35659.73,186640
121004,2022-02-01,13532.81,485755
121004,2022-03-01,12035.86,310098
121004,2022-04-01,33578.27,146352
121004,2022-05-01,11703.8,491455
121004,2022-06-01,48888.34,45120
121004,2022-07-01,15799.08,61455
121004,2022-08-01,18001.58,111974
121004,2022-09-01,8005.41,359620
121004,2022-10-01,15338.64,18848
121004,2022-11-01,16959.36,236866
121004,2022-12-01,21838.27,405697
121004,2023-01-01,36863.94,268751
121004,2023-02-01,39470.7,368120
121004,2023-03-01,45933.59,12321
121004,2023-04-01,5287.27,249817
121004,2023-05-01,2029.28,393476
121004,2023-06-01,41477.66,94267
121004,2023-07-01,28760.04,454297
121004,2023-08-01,6718.55,70919
121004,2023-09-01,44586.0,465279
121004,2023-10-01,8677.69,260495
121004,2023-11-01,44847.71,494005
121004,2023-12-01,23940.66,360642
121004,2024-01-01,23306.77,50611
121004,2024-02-01,16981.63,336653
121004,2024-03-01,49995.52,214268
121004,2024-04-01,32083.9,392492
121004,2024-05-01,34403.88,100712
121004,2024-06-01,638.0,498045
121004,2024-07-01,1238.95,236677
121004,2024-08-01,10548.66,392728
121004,2024-09-01,34289.81,287313
121004,2024-10-01,16001.64,252166
121004,2024-11-01,11643.87,418932
121004,2024-12-01,8632.0,388596
121005,2022-01-01,8020.18,426406
121005,2022-02-01,6051.91,221524
121005,2022-03-01,32111.44,401233
121005,2022-04-01,37420.87,495993
121005,2022-05-01,30201.42,357089
121005,2022-06-01,49400.68,197924
121005,2022-07-01,44009.17,284446
121005,2022-08-01,11577.33,410474
121005,2022-09-01,6266.68,406667
121005,2022-10-01,13008.59,89792
121005,2022-11-01,4176.77,406283
121005,2022-12-01,9341.53,444322
121005,2023-01-01,11407.82,301440
121005,2023-02-01,47911.35,444191
121005,2023-03-01,11166.88,199685
121005,2023-04-01,40025.13,147797
121005,2023-05-01,48516.17,420782
121005,2023-06-01,22184.98,325188
121005,2023-07-01,33761.52,283935
121005,2023-08-01,5721.53,390361
121005,2023-09-01,21821.39,411523
121005,2023-10-01,35300.69,428793
121005,2023-11-01,7773.34,122899
121005,2023-12-01,33405.31,377851
121005,2024-01-01,13305.97,120700
121005,2024-02-01,15788.88,172657
121005,2024-03-01,49663.1,226311
121005,2024-04-01,41487.82,92676
121005,2024-05-01,26578.71,334841
121005,2024-06-01,49094.87,440380
121005,2024-07-01,48058.05,249635
121005,2024-08-01,20737.25,427272
121005,2024-09-01,13636.47,382017
121005,2024-10-01,32691.59,160429
121005,2024-11-01,17158.84,393962
121005,2024-12-01,4078.85,218009
121006,2022-01-01,38573.48,53199
121006,2022-02-01,16917.62,56623
121006,2022-03-01,29562.66,411219
121006,2022-04-01,44667.22,266056
121006,2022-05-01,32968.54,35025
121006,2022-06-01,15241.95,394733
121006,2022-07-01,6699.64,138878
121006,2022-08-01,7763.59,371921
121006,2022-09-01,41724.89,43851
121006,2022-10-01,14218.1,471565
121006,2022-11-01,38074.15,214077
121006,2022-12-01,15019.97,219231
121006,2023-01-01,21614.05,398182
121006,2023-02-01,49404.61,323736
121006,2023-03-01,15072.18,364232
121006,2023-04-01,16810.02,353265
121006,2023-05-01,12644.56,40348
121006,2023-06-01,38088.27,316289
121006,2023-07-01,35897.56,118834
121006,2023-08-01,5457.72,471350
121006,2023-09-01,27079.12,355442
121006,2023-10-01,40866.16,146131
121006,2023-11-01,3195.12,351217
121006,2023-12-01,38624.23,88725
121006,2024-01-01,17796.6,463774
121006,2024-02-01,49925.43,341218
121006,2024-03-01,23046.47,332595
121006,2024-04-01,48768.87,266959
121006,2024-05-01,37345.04,205587
121006,2024-06-01,40234.58,99181
121006,2024-07-01,25841.33,61435
121006,2024-08-01,29967.77,393897
121006,2024-09-01,11443.84,82448
121006,2024-10-01,201.12,407405
121006,2024-11-01,44412.71,351330
121006,2024-12-01,48509.99,409486
121007,2022-01-01,1873.33,239070
121007,2022-02-01,8539.66,219379
121007,2022-03-01,18762.08,301088
121007,2022-04-01,29918.3,180535
121007,2022-05-01,21927.76,55907
121007,2022-06-01,13960.91,482821
121007,2022-07-01,20995.65,82928
121007,2022-08-01,13899.51,350626
121007,2022-09-01,36218.17,495620
121007,2022-10-01,35640.69,354647
121007,2022-11-01,33786.31,373311
121007,2022-12-01,49747.09,408912
121007,2023-01-01,2861.29,87093
121007,2023-02-01,40672.74,249076
121007,2023-03-01,102.36,228384
121007,2023-04-01,33023.93,273031
121007,2023-05-01,9667.96,158673
121007,2023-06-01,39493.61,201009
121007,2023-07-01,3427.47,64493
121007,2023-08-01,40921.67,68298
121007,2023-09-01,40479.35,343189
121007,2023-10-01,20867.71,295611
121007,2023-11-01,5372.02,412874
121007,2023-12-01,12163.09,405907
121007,2024-01-01,45668.22,219978
121007,2024-02-01,4138.7,388143
121007,2024-03-01,31811.11,435546
121007,2024-04-01,43970.49,460392
121007,2024-05-01,30706.31,289182
121007,2024-06-01,34044.07,86807
121007,2024-07-01,33340.49,372846
121007,2024-08-01,13360.57,294778
121007,2024-09-01,45024.81,231458
121007,2024-10-01,14926.05,251785
121007,2024-11-01,12835.58,129714
121007,2024-12-01,23108.6,141227
121008,2022-01-01,11619.49,378541
121008,2022-02-01,9681.97,259189
121008,2022-03-01,13620.5,198006
121008,2022-04-01,17933.99,60713
121008,2022-05-01,20357.89,401011
121008,2022-06-01,36271.89,202455
121008,2022-07-01,24219.72,310544
121008,2022-08-01,1753.69,346809
121008,2022-09-01,21885.77,268953
121008,2022-10-01,23158.89,45809
121008,2022-11-01,30798.46,35747
121008,2022-12-01,27555.93,398572
121008,2023-01-01,19037.16,157461
121008,2023-02-01,47876.4,132966
121008,2023-03-01,9994.44,473108
121008,2023-04-01,6381.38,22165
121008,2023-05-01,49875.5,43415
121008,2023-06-01,16080.87,453153
121008,2023-07-01,292.07,345481
121008,2023-08-01,15096.76,383835
121008,2023-09-01,1205.25,22939
121008,2023-10-01,21265.38,228845
121008,2023-11-01,18151.75,395398
121008,2023-12-01,36328.12,327030
121008,2024-01-01,28003.27,328999
121008,2024-02-01,1218.56,7979
121008,2024-03-01,44099.01,120842
121008,2024-04-01,19963.41,94034
121008,2024-05-01,5266.01,420575
121008,2024-06-01,24319.15,115421
121008,2024-07-01,11853.77,172626
121008,2024-08-01,18428.69,329882
121008,2024-09-01,39444.49,450327
121008,2024-10-01,12772.86,301373
121008,2024-11-01,40438.31,451280
121008,2024-12-01,6090.21,466111
121009,2022-01-01,33516.21,324178
121009,2022-02-01,33518.67,315766
121009,2022-03-01,1656.17,427908
121009,2022-04-01,14811.09,15034
121009,2022-05-01,4103.63,192814
121009,2022-06-01,43633.79,183672
121009,2022-07-01,17786.37,205013
121009,2022-08-01,13449.35,197030
121009,2022-09-01,21138.0,42704
121009,2022-10-01,41561.48,398958
121009,2022-11-01,21110.84,349493
121009,2022-12-01,9833.77,199033
121009,2023-01-01,48782.52,180890
121009,2023-02-01,17197.87,156186
121009,2023-03-01,21549.84,392211
121009,2023-04-01,16494.03,41136
121009,2023-05-01,46536.18,241638
121009,2023-06-01,12100.21,38141
121009,2023-07-01,10965.77,321879
121009,2023-08-01,47735.33,118299
121009,2023-09-01,35456.92,386400
121009,2023-10-01,42894.77,459976
121009,2023-11-01,31274.83,409228
121009,2023-12-01,25504.09,280344
121009,2024-01-01,34507.7,429959
121009,2024-02-01,30012.93,351210
121009,2024-03-01,22502.18,114259
121009,2024-04-01,7918.54,338006
121009,2024-05-01,27621.53,260662
121009,2024-06-01,26780.28,260130
121009,2024-07-01,25589.85,4493
121009,2024-08-01,37898.9,375381
121009,2024-09-01,16546.18,416762
121009,2024-10-01,922.65,176025
121009,2024-11-01,5753.48,212330
121009,2024-12-01,38308.95,131900
121010,2022-01-01,39914.68,408115
121010,2022-02-01,43500.79,124759
121010,2022-03-01,18847.33,266192
121010,2022-04-01,23396.0,399227
121010,2022-05-01,35658.77,121716
121010,2022-06-01,3623.27,178800
121010,2022-07-01,12777.17,245923
121010,2022-08-01,45906.05,348847
121010,2022-09-01,31451.75,164828
121010,2022-10-01,804.76,384707
121010,2022-11-01,38027.15,165880
121010,2022-12-01,20691.3,417933
121010,2023-01-01,24745.18,497248
121010,2023-02-01,8814.32,27134
121010,2023-03-01,2918.21,137350
121010,2023-04-01,40013.22,365952
121010,2023-05-01,5522.48,491051
121010,2023-06-01,41992.38,460876
121010,2023-07-01,28856.62,238363
121010,2023-08-01,44135.14,489165
121010,2023-09-01,11209.82,315241
121010,2023-10-01,22203.67,477063
121010,2023-11-01,7827.81,116187
121010,2023-12-01,34241.31,100844
121010,2024-01-01,49379.16,197425
121010,2024-02-01,28699.42,223190
121010,2024-03-01,15081.96,344357
121010,2024-04-01,5846.28,422883
121010,2024-05-01,29154.14,218689
121010,2024-06-01,156.87,293524
121010,2024-07-01,47034.06,151090
121010,2024-08-01,23426.92,487196
121010,2024-09-01,36309.51,120485
121010,2024-10-01,5923.58,424507
121010,2024-11-01,4322.48,165270
121010,2024-12-01,28018.67,344965
121011,2022-01-01,34001.74,46507
121011,2022-02-01,36346.95,286426
121011,2022-03-01,7829.97,415488
121011,2022-04-01,11927.46,108593
121011,2022-05-01,20884.35,275606
121011,2022-06-01,41586.7,380020
121011,2022-07-01,20124.7,171236
121011,2022-08-01,14829.4,301422
121011,2022-09-01,23841.27,235183
121011,2022-10-01,13537.37,470514
121011,2022-11-01,39418.39,244125
121011,2022-12-01,17327.62,22054
121011,2023-01-01,32973.19,392815
121011,2023-02-01,29650.04,388224
121011,2023-03-01,43474.18,95678
121011,2023-04-01,30913.5,410572
121011,2023-05-01,17471.34,116495
121011,2023-06-01,30793.34,182491
121011,2023-07-01,32861.93,26520
121011,2023-08-01,19936.12,197898
121011,2023-09-01,8921.31,482473
121011,2023-10-01,23128.43,1143
121011,2023-11-01,41558.98,324786
121011,2023-12-01,49697.62,383504
121011,2024-01-01,33503.35,74139
121011,2024-02-01,33899.71,117722
121011,2024-03-01,41441.09,139941
121011,2024-04-01,24138.04,320857
121011,2024-05-01,30963.77,33414
121011,2024-06-01,13329.11,13875
121011,2024-07-01,7971.09,495633
121011,2024-08-01,44662.52,207294
121011,2024-09-01,9478.68,191013
121011,2024-10-01,38868.4,36421
121011,2024-11-01,43408.36,4656
121011,2024-12-01,18890.67,266166
121012,2022-01-01,21583.7,459106
121012,2022-02-01,41579.45,329836
121012,2022-03-01,9553.08,390137
121012,2022-04-01,32903.76,451226
121012,2022-05-01,36940.7,452932
121012,2022-06-01,45925.4,44369
121012,2022-07-01,26456.91,202063
121012,2022-08-01,20006.97,181691
121012,2022-09-01,14722.4,496789
121012,2022-10-01,1829.48,82323
121012,2022-11-01,13293.97,351483
121012,2022-12-01,33371.35,248809
121012,2023-01-01,36693.99,482975
121012,2023-02-01,5891.5,298206
121012,2023-03-01,21634.27,304668
121012,2023-04-01,37184.47,334035
121012,2023-05-01,16292.89,464439
121012,2023-06-01,39789.54,464292
121012,2023-07-01,42601.37,194917
121012,2023-08-01,20746.65,333605
121012,2023-09-01,46715.01,13982
121012,2023-10-01,41440.92,450821
121012,2023-11-01,44567.24,224570
121012,2023-12-01,37343.23,458388
121012,2024-01-01,10096.78,125426
121012,2024-02-01,30838.1,269735
121012,2024-03-01,38691.34,30242
121012,2024-04-01,25692.27,248078
121012,2024-05-01,49778.69,194795
121012,2024-06-01,6587.49,226650
121012,2024-07-01,35513.22,151009
121012,2024-08-01,12502.09,181908
121012,2024-09-01,31460.25,133304
121012,2024-10-01,15709.16,477229
121012,2024-11-01,18676.34,422887
121012,2024-12-01,34430.92,233279
121013,2022-01-01,19857.85,461008
121013,2022-02-01,35075.18,213119
121013,2022-03-01,49258.24,341995
121013,2022-04-01,29307.84,158935
121013,2022-05-01,39740.77,142505
121013,2022-06-01,40934.13,106851
121013,2022-07-01,17811.04,24768
121013,2022-08-01,1342.65,56400
121013,2022-09-01,1751.03,212398
121013,2022-10-01,33779.44,399023
121013,2022-11-01,39695.16,213922
121013,2022-12-01,19110.67,376720
121013,2023-01-01,46657.63,340762
121013,2023-02-01,17482.75,439094
121013,2023-03-01,38669.76,422239
121013,2023-04-01,24474.37,410009
121013,2023-05-01,6108.9,1081
121013,2023-06-01,49441.68,167694
121013,2023-07-01,35825.18,481415
121013,2023-08-01,45605.02,387580
121013,2023-09-01,10217.87,142037
121013,2023-10-01,25955.29,484233
121013,2023-11-01,37259.46,479173
121013,2023-12-01,16537.41,159786
121013,2024-01-01,18044.03,321554
121013,2024-02-01,3218.91,174681
121013,2024-03-01,15547.76,299359
121013,2024-04-01,45108.45,324042
121013,2024-05-01,2179.1,339142
121013,2024-06-01,29660.72,9297
121013,2024-07-01,35013.75,398219
121013,2024-08-01,48654.86,304511
121013,2024-09-01,11520.53,328575
121013,2024-10-01,45803.51,241141
121013,2024-11-01,30913.11,336822
121013,2024-12-01,46648.8,288983
121014,2022-01-01,17011.25,342697
121014,2022-02-01,6548.62,79430
121014,2022-03-01,41111.43,219106
121014,2022-04-01,11770.53,428617
121014,2022-05-01,22907.86,48285
121014,2022-06-01,7037.8,292841
121014,2022-07-01,42455.65,454446
121014,2022-08-01,43187.34,210020
121014,2022-09-01,38027.83,23564
121014,2022-10-01,35857.05,148182
121014,2022-11-01,37061.18,199178
121014,2022-12-01,12761.41,156320
121014,2023-01-01,41189.05,339126
121014,2023-02-01,37004.7,339288
121014,2023-03-01,15721.46,64516
121014,2023-04-01,35743.9,361374
121014,2023-05-01,16730.42,219690
121014,2023-06-01,21626.6,135959
121014,2023-07-01,36980.7,453348
121014,2023-08-01,43725.69,97600
121014,2023-09-01,12838.27,427831
121014,2023-10-01,7874.9,419977
121014,2023-11-01,36998.09,222220
121014,2023-12-01,33106.8,281136
121014,2024-01-01,48709.42,18559
121014,2024-02-01,7541.44,27226
121014,2024-03-01,4046.33,96410
121014,2024-04-01,40160.08,260298
121014,2024-05-01,2835.76,369753
121014,2024-06-01,21709.49,389923
121014,2024-07-01,47077.29,144397
121014,2024-08-01,49231.44,191965
121014,2024-09-01,27870.43,252615
121014,2024-10-01,31631.11,495006
121014,2024-11-01,17382.16,333358
121014,2024-12-01,24399.31,401900
121015,2022-01-01,15509.52,318335
121015,2022-02-01,43608.44,239689
121015,2022-03-01,36642.14,384164
121015,2022-04-01,41946.03,87710
121015,2022-05-01,21627.79,332848
121015,2022-06-01,7443.89,42351
121015,2022-07-01,3401.57,23281
121015,2022-08-01,12952.48,338617
121015,2022-09-01,4907.82,205313
121015,2022-10-01,43361.61,183469
121015,2022-11-01,31473.53,137580
121015,2022-12-01,36686.41,243627
121015,2023-01-01,3887.16,165070
121015,2023-02-01,8969.04,441503
121015,2023-03-01,1166.94,267612
121015,2023-04-01,3016.52,181817
121015,2023-05-01,8437.23,368981
121015,2023-06-01,20296.18,369760
121015,2023-07-01,444.25,51209
121015,2023-08-01,35384.84,322234
121015,2023-09-01,45107.98,63624
121015,2023-10-01,42872.57,78146
121015,2023-11-01,35464.53,486307
121015,2023-12-01,13162.32,282247
121015,2024-01-01,22946.35,149958
121015,2024-02-01,35912.95,99936
121015,2024-03-01,35209.13,128578
121015,2024-04-01,12705.57,96573
121015,2024-05-01,45065.48,374717
121015,2024-06-01,27600.75,236370
121015,2024-07-01,47935.4,168211
121015,2024-08-01,31393.8,104304
121015,2024-09-01,38723.35,74194
121015,2024-10-01,15509.96,160400
121015,2024-11-01,44851.28,248550
121015,2024-12-01,7952.05,50603
121016,2022-01-01,20606.66,470641
121016,2022-02-01,22804.08,399397
121016,2022-03-01,13601.24,335379
121016,2022-04-01,22328.48,210727
121016,2022-05-01,36378.56,254337
121016,2022-06-01,16130.43,434506
121016,2022-07-01,35456.13,14543
121016,2022-08-01,38370.68,350992
121016,2022-09-01,28805.51,268504
121016,2022-10-01,32827.78,8334
121016,2022-11-01,30653.65,163828
121016,2022-12-01,14136.8,306148
121016,2023-01-01,4984.48,68115
121016,2023-02-01,10888.63,95486
121016,2023-03-01,8763.11,212541
121016,2023-04-01,3527.71,123023
121016,2023-05-01,13539.36,325957
121016,2023-06-01,25617.92,498944
121016,2023-07-01,17286.7,71393
121016,2023-08-01,23526.08,360523
121016,2023-09-01,1571.95,278981
121016,2023-10-01,15272.92,274147
121016,2023-11-01,28602.08,310383
121016,2023-12-01,24179.24,87435
121016,2024-01-01,9762.65,318557
121016,2024-02-01,34389.52,150108
121016,2024-03-01,11459.87,149415
121016,2024-04-01,3749.62,209151
121016,2024-05-01,34389.4,425855
121016,2024-06-01,40708.14,269932
121016,2024-07-01,26800.26,283561
121016,2024-08-01,12132.48,497112
121016,2024-09-01,37131.11,261535
121016,2024-10-01,18860.63,216731
121016,2024-11-01,36603.31,449110
121016,2024-12-01,37803.29,477822
121017,2022-01-01,16573.13,457850
121017,2022-02-01,10935.29,255435
121017,2022-03-01,31049.92,289712
121017,2022-04-01,11483.84,201890
121017,2022-05-01,1152.53,60582
121017,2022-06-01,4033.16,462736
121017,2022-07-01,16532.54,293389
121017,2022-08-01,24756.95,96036
121017,2022-09-01,9827.75,154553
121017,2022-10-01,11318.49,368369
121017,2022-11-01,9354.29,204351
121017,2022-12-01,14948.41,109225
121017,2023-01-01,32127.39,21476
121017,2023-02-01,34872.83,105604
121017,2023-03-01,21565.53,428852
121017,2023-04-01,12078.22,99307
121017,2023-05-01,26413.96,250824
121017,2023-06-01,25734.79,189935
121017,2023-07-01,40647.72,392480
121017,2023-08-01,19741.17,23869
121017,2023-09-01,20830.6,124166
121017,2023-10-01,22149.77,126207
121017,2023-11-01,28374.99,116201
121017,2023-12-01,33524.68,292894
121017,2024-01-01,3930.77,27419
121017,2024-02-01,37904.87,230543
121017,2024-03-01,22806.76,306054
121017,2024-04-01,29563.4,328586
121017,2024-05-01,23289.47,271217
121017,2024-06-01,31697.93,40385
121017,2024-07-01,26772.2,465415
121017,2024-08-01,10422.15,3836
121017,2024-09-01,3163.84,157104
121017,2024-10-01,855.88,285546
121017,2024-11-01,42136.81,92360
121017,2024-12-01,48781.39,473779
121018,2022-01-01,11406.56,470636
121018,2022-02-01,44569.32,248075
121018,2022-03-01,34398.02,305421
121018,2022-04-01,41714.2,150074
121018,2022-05-01,28739.42,35723
121018,2022-06-01,48473.53,365262
121018,2022-07-01,49875.72,399367
121018,2022-08-01,7914.96,252906
121018,2022-09-01,31016.0,247104
121018,2022-10-01,28650.03,322282
121018,2022-11-01,21160.24,284580
121018,2022-12-01,26748.61,291198
121018,2023-01-01,47240.16,267756
121018,2023-02-01,19745.09,418962
121018,2023-03-01,28586.24,308515
121018,2023-04-01,25584.84,283460
121018,2023-05-01,2997.47,180647
121018,2023-06-01,36590.4,356584
121018,2023-07-01,24260.82,279362
121018,2023-08-01,49197.72,450884
121018,2023-09-01,40664.35,445735
121018,2023-10-01,24426.38,464003
121018,2023-11-01,45720.64,433512
121018,2023-12-01,31216.0,467578
121018,2024-01-01,7620.98,448933
121018,2024-02-01,23668.06,77001
121018,2024-03-01,36805.47,127818
121018,2024-04-01,40012.51,251195
121018,2024-05-01,38512.44,46482
121018,2024-06-01,6724.95,102600
121018,2024-07-01,35321.14,456951
121018,2024-08-01,46576.71,160869
121018,2024-09-01,43438.54,56270
121018,2024-10-01,29067.24,226167
121018,2024-11-01,42370.49,238699
121018,2024-12-01,27893.02,435813
121019,2022-01-01,48598.47,187757
121019,2022-02-01,2151.27,260963
121019,2022-03-01,28178.49,186835
121019,2022-04-01,49248.26,388726
121019,2022-05-01,5357.89,243175
121019,2022-06-01,29373.83,220828
121019,2022-07-01,44085.03,24804
121019,2022-08-01,11639.19,358229
121019,2022-09-01,42983.52,182680
121019,2022-10-01,44768.33,332457
121019,2022-11-01,41735.26,451895
121019,2022-12-01,48027.48,65501
121019,2023-01-01,22769.39,128175
121019,2023-02-01,9431.66,491293
121019,2023-03-01,39686.57,30339
121019,2023-04-01,2335.78,153140
121019,2023-05-01,49702.62,229472
121019,2023-06-01,4117.91,152464
121019,2023-07-01,43038.81,376702
121019,2023-08-01,28864.98,216578
121019,2023-09-01,49243.7,252656
121019,2023-10-01,3448.22,240873
121019,2023-11-01,34590.19,190120
121019,2023-12-01,9790.99,355589
121019,2024-01-01,27316.05,97571
121019,2024-02-01,2591.09,185241
121019,2024-03-01,15648.96,157657
121019,2024-04-01,15082.34,454856
121019,2024-05-01,11230.85,174092
121019,2024-06-01,19178.11,470515
121019,2024-07-01,47033.9,474311
121019,2024-08-01,23576.18,440236
121019,2024-09-01,19309.59,61188
121019,2024-10-01,9611.76,69721
121019,2024-11-01,11698.91,332356
121019,2024-12-01,18668.46,235706
121020,2022-01-01,40039.18,145488
121020,2022-02-01,21283.53,149041
121020,2022-03-01,6223.1,187470
121020,2022-04-01,39172.7,136338
121020,2022-05-01,35384.31,1991
121020,2022-06-01,28915.91,201707
121020,2022-07-01,22970.85,245173
121020,2022-08-01,19795.07,447715
121020,2022-09-01,36133.51,10721
121020,2022-10-01,21761.45,110046
121020,2022-11-01,26513.64,486013
121020,2022-12-01,29412.18,53218
121020,2023-01-01,28775.78,171062
121020,2023-02-01,49932.61,80217
121020,2023-03-01,4715.42,82587
121020,2023-04-01,24626.63,447756
121020,2023-05-01,11212.98,200769
121020,2023-06-01,35001.06,57286
121020,2023-07-01,37747.08,332780
121020,2023-08-01,21051.56,337046
121020,2023-09-01,8711.43,10983
121020,2023-10-01,43574.4,394979
121020,2023-11-01,19654.36,129425
121020,2023-12-01,31816.45,420767
121020,2024-01-01,26396.22,221229
121020,2024-02-01,5476.77,305692
121020,2024-03-01,6357.41,109634
121020,2024-04-01,48500.36,363625
121020,2024-05-01,25439.43,358188
121020,2024-06-01,3496.86,27946
121020,2024-07-01,23421.5,432479
121020,2024-08-01,7828.35,329174
121020,2024-09-01,1748.44,150855
121020,2024-10-01,7391.96,365005
121020,2024-11-01,21965.18,105730
121020,2024-12-01,6352.22,367333
