scheme_code,period,ret_1m,ret_3m,ret_6m,ret_1y,expense_ratio,benchmark_ret,alpha
125497,Jan-2020,2.92,2.59,-9.46,3.98,0.234,1.36,3.926
125497,Apr-2020,1.76,6.89,-0.2,17.7,1.806,10.85,2.382
125497,Jul-2020,0.99,7.54,7.97,9.83,0.384,18.32,1.719
125497,Oct-2020,5.21,2.32,6.1,122.8214225673513,1.029,10.14,-0.287
125497,Jan-2021,-1.78,4.05,15.39,21.33,0.966,19.5,1.548
125497,Apr-2021,-1.77,1.75,6.58,9.39,1.462,17.61,-2.83
125497,Jul-2021,0.76,-11.02,6.36,13.08,1.573,20.86,3.831
125497,Oct-2021,-1.68,-1.59,-0.67,27.74,2.5,9.69,-0.749
125497,Jan-2022,-2.57,5.16,8.07,-6.02,0.313,13.53,1.319
125497,Apr-2022,-0.0,6.53,-3.1,8.65,2.287,8.1,2.281
125497,Jul-2022,-2.24,-0.62,-5.48,-4.51,2.312,14.7,1.213
125497,Oct-2022,4.68,1.54,-7.84,17.1,1.137,12.76,-4.214
125497,Apr-2023,3.08,-0.25,2.44,-0.22,2.025,10.08,-1.657
125497,Jul-2023,3.67,2.99,1.42,21.54,1.738,2.26,3.76
125497,Oct-2023,-1.48,18.33,3.5,-4.63,2.421,11.34,2.004
125497,Jan-2024,2.18,-3.58,-8.55,31.09,1.54,21.5,2.68
125497,Apr-2024,1.56,0.89,22.78,7.28,2.089,15.71,-0.318
125497,Jul-2024,-2.0,2.94,11.44,30.44,0.98,0.94,3.974
125497,Oct-2024,-1.91,-1.43,2.86,8.1,0.272,-2.27,4.987
119551,Jan-2020,3.74,3.16,-0.13,24.66,1.921,8.24,-2.738
119551,Apr-2020,2.66,1.57,8.47,15.06,1.818,13.0,0.611
119551,Jul-2020,2.71,8.0,17.47,3.46,0.236,2.17,3.911
119551,Oct-2020,-0.72,7.46,17.1,15.61,0.105,11.41,0.324
119551,Jan-2021,4.57,2.96,-8.23,21.96,0.386,15.81,3.579
119551,Apr-2021,1.33,-0.44,-1.12,6.93,0.727,0.94,2.561
119551,Jul-2021,1.42,9.94,11.91,7.49,2.168,7.07,4.953
119551,Oct-2021,2.08,6.49,2.6,18.36,0.945,17.61,-1.389
119551,Jan-2022,-4.72,14.81,7.94,14.96,0.39,15.74,3.715
119551,Apr-2022,0.6,7.95,15.19,18.73,1.588,5.09,5.717
119551,Jul-2022,1.45,3.93,1.18,8.26,0.886,20.99,3.493
119551,Oct-2022,2.85,6.63,6.51,3.17,1.498,19.89,1.418
119551,Jan-2023,2.63,4.55,8.83,17.1,2.479,7.39,4.456
119551,Apr-2023,-1.01,4.7,-1.28,12.5,0.953,12.15,3.339
119551,Jul-2023,1.43,13.3,12.57,11.94,0.109,14.27,3.261
119551,Oct-2023,-2.5,6.68,-1.46,18.86,1.266,13.8,-4.314
119551,Jan-2024,-4.15,6.31,-10.18,19.49,1.809,18.81,0.896
119551,Apr-2024,2.52,4.54,-3.31,20.71,1.535,16.14,0.243
119551,Jul-2024,3.42,9.99,15.16,23.24,1.532,14.39,3.114
119551,Oct-2024,4.32,6.08,17.86,-2.45,2.017,14.87,3.757
120503,Jan-2020,5.83,-0.94,17.56,21.33,0.464,6.55,1.991
120503,Apr-2020,2.06,5.21,2.61,19.48,2.249,19.3,5.776
120503,Jul-2020,-1.24,3.8,13.81,16.48,2.124,17.19,-0.014
120503,Oct-2020,1.8,-1.47,12.56,10.21,0.585,10.71,0.297
120503,Jan-2021,2.44,-1.87,19.59,15.67,1.132,9.6,1.544
120503,Apr-2021,4.19,-0.97,4.42,13.55,0.291,17.99,5.475
120503,Jul-2021,1.29,10.66,15.87,20.27,1.567,8.43,6.071
120503,Oct-2021,0.46,6.3,11.74,1.66,0.405,13.22,1.217
120503,Jan-2022,1.08,10.96,1.21,2.58,0.18,16.47,3.604
120503,Apr-2022,3.02,8.06,8.79,9.34,2.33,4.43,0.932
120503,Jul-2022,3.57,4.68,7.16,4.5,0.399,19.48,-0.564
120503,Oct-2022,1.56,8.52,7.3,6.74,0.839,3.96,5.855
120503,Jan-2023,2.05,2.23,-2.91,3.63,0.713,23.36,2.082
120503,Apr-2023,2.24,5.43,23.55,10.03,2.112,9.61,-0.259
120503,Jul-2023,0.96,3.08,10.93,-6.92,0.429,8.41,-0.31
120503,Oct-2023,-2.69,1.68,3.38,10.16,1.535,12.59,-0.479
120503,Jan-2024,-3.71,0.76,1.58,14.37,0.791,3.3,-0.721
120503,Apr-2024,-3.98,9.19,16.09,26.77,0.243,19.78,2.517
120503,Jul-2024,-1.27,0.36,5.8,14.92,2.259,11.99,0.629
120503,Oct-2024,5.26,2.93,5.8,12.04,2.217,3.83,-1.008
118632,Jan-2020,8.54,-4.75,8.9,17.08,1.818,14.2,6.227
118632,Apr-2020,1.92,10.24,14.28,27.88,0.405,14.39,0.577
118632,Jul-2020,1.68,4.57,-7.54,12.71,0.201,3.9,-0.966
118632,Oct-2020,4.67,10.22,2.65,15.57,1.911,19.06,0.167
118632,Jan-2021,0.06,10.2,-0.02,9.52,1.917,21.14,-1.484
118632,Apr-2021,-0.93,6.46,12.23,15.9,0.14,12.78,-2.268
118632,Jul-2021,1.5,10.91,-2.24,6.94,0.244,10.0,6.103
118632,Oct-2021,-1.6,-2.16,12.4,8.18,2.382,10.82,2.648
118632,Jan-2022,-3.5,5.78,8.52,11.7,0.553,13.3,3.31
118632,Apr-2022,-0.39,0.94,12.56,29.39,2.149,13.38,0.892
118632,Jul-2022,1.12,-3.13,5.92,24.08,0.722,8.25,-0.295
118632,Oct-2022,1.1,-2.67,0.64,27.8,0.332,7.19,2.228
118632,Jan-2023,-0.13,3.94,13.04,0.08,2.309,8.51,0.785
118632,Apr-2023,6.97,-3.51,11.13,24.15,2.061,7.99,0.578
118632,Jul-2023,-0.87,3.83,13.25,10.73,0.975,20.41,2.578
118632,Oct-2023,2.78,0.53,-11.36,19.27,1.146,13.45,3.774
118632,Jan-2024,-0.44,6.09,17.31,19.99,0.964,20.09,-1.553
118632,Apr-2024,3.36,0.34,-0.75,11.43,2.435,8.74,-2.896
118632,Jul-2024,-3.13,5.89,1.69,-4.39,2.466,13.0,3.449
118632,Oct-2024,-0.14,6.74,13.4,6.95,1.623,8.4,2.847
119092,Jan-2020,-0.64,-2.57,7.37,23.99,0.768,18.04,3.798
119092,Apr-2020,1.33,0.51,0.91,-0.28,0.961,10.02,-2.762
119092,Jul-2020,4.9,3.97,13.77,11.65,2.087,14.67,2.822
119092,Oct-2020,0.36,10.07,13.62,19.08,2.059,4.49,4.498
119092,Jan-2021,-5.37,3.05,8.03,9.59,1.308,14.52,0.032
119092,Apr-2021,3.84,6.41,5.74,6.56,1.913,24.66,-0.394
119092,Jul-2021,5.79,-5.28,0.97,9.12,0.975,12.33,4.775
119092,Oct-2021,0.2,3.23,4.7,32.24,2.373,8.95,-0.945
119092,Jan-2022,2.92,-2.21,19.76,14.73,2.101,14.78,1.45
119092,Apr-2022,1.56,3.92,10.63,6.6,0.607,16.93,1.495
119092,Jul-2022,-4.82,1.12,17.71,12.56,0.232,3.03,0.08
119092,Oct-2022,-2.29,5.65,7.35,10.73,1.457,21.16,-0.263
119092,Jan-2023,-0.9,2.29,6.28,18.34,1.885,17.13,7.575
119092,Apr-2023,-3.88,4.65,3.36,32.09,1.641,-0.18,2.586
119092,Jul-2023,2.0,7.29,1.94,16.95,1.34,7.97,2.357
119092,Oct-2023,1.66,8.75,7.19,19.44,2.115,20.37,-0.443
119092,Jan-2024,3.91,4.82,7.95,20.84,0.342,8.56,3.365
119092,Apr-2024,6.97,3.38,-10.06,11.15,2.209,18.66,1.621
119092,Jul-2024,-2.63,8.32,10.98,7.71,1.736,8.72,0.754
119092,Oct-2024,-0.39,1.95,13.35,-2.07,0.363,13.06,0.525
120841,Jan-2020,1.26,-1.04,-4.42,6.07,1.558,3.88,-2.557
120841,Apr-2020,4.87,-2.92,6.71,24.05,1.114,10.23,0.774
120841,Jul-2020,1.74,14.06,9.89,20.01,0.635,13.67,4.37
120841,Oct-2020,2.63,5.82,0.26,3.84,1.684,17.29,3.586
120841,Jan-2021,5.2,3.44,10.76,18.88,0.755,10.07,-2.212
120841,Apr-2021,0.74,2.98,14.94,25.1,0.724,24.38,1.975
120841,Jul-2021,4.3,3.0,-0.98,10.17,0.84,10.41,0.334
120841,Oct-2021,1.19,1.55,15.36,30.97,1.901,15.24,3.93
120841,Jan-2022,1.53,-0.89,4.13,17.71,1.064,1.25,0.408
120841,Apr-2022,-1.01,7.91,2.11,9.85,1.073,16.75,3.922
120841,Jul-2022,2.68,9.03,15.65,-2.29,2.004,9.78,-1.642
120841,Oct-2022,0.24,7.15,17.19,1.89,1.38,23.79,6.077
120841,Jan-2023,-9.16,14.39,13.73,-6.77,0.333,19.55,2.401
120841,Apr-2023,-0.52,3.83,10.82,8.79,0.143,17.38,-0.252
120841,Jul-2023,-2.87,0.31,0.78,8.56,0.639,13.41,3.669
120841,Oct-2023,-1.24,0.24,5.69,5.8,1.499,6.67,0.185
120841,Jan-2024,-1.09,8.54,5.38,31.94,1.146,18.95,0.689
120841,Apr-2024,-1.63,3.33,2.25,-3.99,1.491,12.2,-0.251
120841,Jul-2024,2.33,3.73,16.87,17.9,1.328,16.16,1.41
120841,Oct-2024,1.75,9.63,-1.18,6.23,1.804,10.36,4.391
118989,Jan-2020,-3.04,3.35,3.14,29.3,1.881,13.43,3.922
118989,Apr-2020,-2.76,13.64,1.11,25.31,2.078,13.59,4.538
118989,Jul-2020,4.19,4.04,4.05,15.11,1.358,14.12,4.051
118989,Oct-2020,2.61,4.42,2.42,16.92,1.877,7.21,3.016
118989,Jan-2021,3.86,3.4,8.41,17.33,1.152,10.79,-0.957
118989,Apr-2021,2.36,13.29,0.54,12.86,1.75,26.48,-0.902
118989,Jul-2021,0.72,1.68,-1.78,2.22,1.688,16.25,0.101
118989,Oct-2021,5.43,-7.75,-1.81,6.58,1.301,9.29,0.997
118989,Jan-2022,2.66,10.79,12.62,14.51,0.738,18.61,6.211
118989,Apr-2022,3.11,1.05,8.81,19.22,1.711,17.19,2.16
118989,Jul-2022,4.69,-1.38,-5.19,10.47,0.704,1.19,-0.021
118989,Oct-2022,5.05,6.17,7.97,4.5,1.177,9.5,1.737
118989,Jan-2023,2.42,4.36,17.44,19.18,1.966,11.48,2.58
118989,Apr-2023,0.57,4.45,4.61,9.51,1.439,10.37,0.658
118989,Jul-2023,6.69,8.46,6.06,10.19,2.089,23.65,3.491
118989,Oct-2023,-3.96,7.82,14.28,33.79,0.436,12.83,2.626
118989,Jan-2024,-1.09,-0.77,9.8,0.11,1.191,16.89,2.745
118989,Apr-2024,4.95,5.82,7.07,25.6,2.321,10.0,1.339
118989,Jul-2024,2.55,3.17,-3.4,11.6,1.907,12.69,0.376
118989,Oct-2024,2.72,-4.55,9.91,30.14,0.498,12.35,0.882
120594,Jan-2020,0.51,-1.64,20.94,17.47,1.678,7.29,1.654
120594,Apr-2020,-5.3,8.76,3.4,17.5,0.188,17.79,2.732
120594,Jul-2020,3.43,8.6,4.69,33.36,1.67,11.83,-0.603
120594,Oct-2020,0.58,5.51,7.67,30.45,2.253,16.08,-1.314
120594,Jan-2021,7.75,-2.47,21.52,12.78,1.871,20.11,1.706
120594,Apr-2021,-0.16,6.71,11.65,17.73,0.373,13.52,3.124
120594,Jul-2021,-0.37,7.33,3.38,3.88,0.778,10.35,3.819
120594,Oct-2021,-3.16,8.97,2.64,-8.18,1.87,10.15,2.611
120594,Jan-2022,0.8,-2.55,1.55,3.26,0.145,11.46,3.034
120594,Apr-2022,-4.11,0.83,21.2,19.77,2.248,6.08,4.269
120594,Jul-2022,5.8,-2.24,-0.38,16.51,1.529,14.9,6.108
120594,Oct-2022,-1.71,3.7,12.05,20.39,0.483,8.35,0.352
120594,Jan-2023,6.31,-1.39,4.73,20.98,2.35,13.55,-3.249
120594,Apr-2023,1.78,3.76,8.15,6.18,1.662,11.77,4.748
120594,Jul-2023,3.11,-3.74,1.17,8.45,1.643,10.99,1.067
120594,Oct-2023,9.65,0.94,16.74,12.67,2.442,13.15,4.298
120594,Jan-2024,3.1,4.78,7.17,9.55,1.716,9.39,-0.101
120594,Apr-2024,2.43,2.0,15.97,18.21,2.088,5.13,0.066
120594,Jul-2024,8.21,2.31,12.31,2.25,1.428,10.87,5.753
120594,Oct-2024,-2.67,0.35,13.31,28.33,2.29,16.06,-0.742
119775,Jan-2020,-2.77,-2.23,0.89,16.03,1.803,13.5,0.712
119775,Apr-2020,-0.49,7.93,0.29,26.92,1.499,6.06,4.506
119775,Jul-2020,-2.12,9.97,9.33,-0.21,1.229,9.57,3.669
119775,Oct-2020,0.69,2.52,7.28,-3.96,1.704,20.04,3.473
119775,Jan-2021,-0.07,-0.93,-0.57,3.8,1.816,11.53,3.762
119775,Apr-2021,3.75,4.21,0.48,18.67,2.413,15.61,-1.092
119775,Jul-2021,-0.11,1.31,16.79,-7.91,0.651,7.16,1.192
119775,Oct-2021,2.44,5.14,12.91,19.49,1.578,16.39,1.207
119775,Jan-2022,-0.46,0.61,16.05,29.8,1.849,-6.99,-4.118
119775,Apr-2022,1.18,2.67,7.14,25.27,1.761,13.05,-2.31
119775,Jul-2022,-2.49,3.84,9.92,3.04,0.521,1.49,-5.158
119775,Oct-2022,-1.43,10.37,17.66,-0.35,1.873,16.57,0.398
119775,Jan-2023,5.3,7.22,13.41,6.6,2.106,24.1,1.856
119775,Apr-2023,1.06,1.32,-4.21,4.11,0.512,2.13,-2.359
119775,Jul-2023,-6.14,-0.41,11.73,11.15,1.229,16.6,5.722
119775,Oct-2023,8.02,4.22,5.03,10.28,1.395,11.06,1.118
119775,Jan-2024,0.94,-1.21,-9.33,7.98,1.53,20.46,3.849
119775,Apr-2024,-0.28,-0.45,18.37,4.25,0.706,22.14,1.81
119775,Jul-2024,0.32,9.3,7.5,15.77,1.88,-3.27,2.397
119775,Oct-2024,-1.1,2.46,7.79,7.92,1.093,14.31,2.009
118825,Jan-2020,1.53,2.91,6.31,14.71,1.875,19.62,1.272
118825,Apr-2020,-0.01,5.48,6.2,25.18,2.308,12.56,3.847
118825,Jul-2020,1.91,-2.27,13.23,-3.1,0.37,16.19,2.609
118825,Oct-2020,2.33,10.45,6.83,10.6,0.208,7.72,0.905
118825,Jan-2021,1.96,5.16,4.67,9.59,2.393,7.28,6.048
118825,Apr-2021,0.4,4.45,-3.44,37.07,0.662,4.95,1.347
118825,Jul-2021,-1.48,5.32,-3.58,24.23,2.41,11.29,-2.639
118825,Oct-2021,-1.24,3.81,-1.47,4.57,1.832,12.93,1.808
118825,Jan-2022,2.78,2.68,6.58,18.1,0.488,14.99,5.151
118825,Apr-2022,1.27,-3.24,14.62,11.79,0.562,16.27,2.427
118825,Jul-2022,-2.64,6.85,20.12,16.91,1.358,1.98,6.628
118825,Oct-2022,-0.35,-3.54,7.78,23.07,0.32,7.97,1.254
118825,Jan-2023,1.2,8.38,11.15,16.44,0.693,3.83,2.552
118825,Apr-2023,1.86,3.25,5.25,15.21,1.662,28.36,4.897
118825,Jul-2023,4.48,0.85,0.3,12.09,0.733,3.31,2.7
118825,Oct-2023,4.45,-7.68,0.7,25.05,0.473,6.8,3.338
118825,Jan-2024,-0.58,2.32,-0.97,14.15,0.533,9.13,3.114
118825,Apr-2024,1.05,8.9,3.76,28.0,2.262,13.46,2.201
118825,Jul-2024,-0.19,0.85,8.84,3.21,1.09,6.38,2.93
118825,Oct-2024,2.96,9.84,4.66,6.73,1.58,13.63,4.992
120465,Jan-2020,0.98,3.63,6.96,16.29,0.324,23.52,2.746
120465,Apr-2020,2.89,2.3,6.25,12.91,1.869,12.77,3.062
120465,Jul-2020,1.39,2.1,7.88,5.36,1.135,9.52,-1.387
120465,Oct-2020,2.59,6.06,0.98,19.61,0.313,23.85,0.912
120465,Jan-2021,1.04,0.47,10.46,13.96,1.167,9.4,2.68
120465,Apr-2021,0.49,-5.71,11.4,-1.73,1.362,11.14,1.479
120465,Jul-2021,1.34,3.69,9.54,13.02,0.659,9.95,-1.557
120465,Oct-2021,-3.03,6.79,-4.14,3.11,2.139,14.74,4.827
120465,Jan-2022,-1.63,5.61,-11.46,7.3,2.319,10.13,3.985
120465,Apr-2022,-5.5,-0.17,10.17,17.96,0.786,13.25,-1.36
120465,Jul-2022,-1.14,15.08,-1.82,1.26,1.718,5.64,5.981
120465,Oct-2022,9.4,2.3,9.17,-2.42,0.354,-1.43,-1.849
120465,Jan-2023,1.56,6.24,-3.39,9.12,0.629,10.1,-0.502
120465,Apr-2023,-0.71,6.76,8.97,19.05,0.146,16.3,1.412
120465,Jul-2023,-0.27,6.35,4.04,11.03,1.249,17.84,0.757
120465,Oct-2023,3.82,-2.89,4.96,7.23,1.3,16.41,2.889
120465,Jan-2024,2.46,4.19,5.88,24.81,1.581,17.0,-2.366
120465,Apr-2024,-0.8,5.56,17.7,10.89,0.234,4.26,0.146
120465,Jul-2024,3.32,11.4,4.95,6.81,0.429,2.31,4.589
120465,Oct-2024,-2.49,5.07,9.09,19.65,0.151,12.02,2.571
119386,Jan-2020,3.7,12.48,-0.72,-2.55,1.56,1.12,-1.499
119386,Apr-2020,-2.78,1.42,12.99,19.64,2.396,8.78,6.527
119386,Jul-2020,2.98,4.36,7.85,11.4,0.688,10.86,1.873
119386,Oct-2020,-3.75,0.32,3.14,18.38,1.808,12.29,-0.016
119386,Jan-2021,-2.1,-2.21,5.79,14.93,0.202,7.0,1.156
119386,Apr-2021,0.23,-1.71,7.58,30.29,1.359,3.23,5.171
119386,Jul-2021,4.97,10.66,6.7,6.95,0.541,18.85,5.515
119386,Oct-2021,-1.56,-9.1,6.88,5.86,0.224,10.57,2.525
119386,Jan-2022,-1.14,4.18,6.12,-6.75,0.601,9.29,-1.66
119386,Apr-2022,-0.98,4.51,7.32,19.8,0.239,4.97,-5.886
119386,Jul-2022,1.56,6.65,5.58,19.95,2.349,9.92,-0.801
119386,Oct-2022,3.29,-1.05,21.42,9.48,0.492,9.07,4.844
119386,Jan-2023,5.1,1.88,8.92,25.47,0.135,6.48,1.675
119386,Apr-2023,-1.04,4.25,1.49,17.36,1.785,5.27,-0.483
119386,Jul-2023,0.72,-4.06,0.82,21.0,0.181,-3.2,0.033
119386,Oct-2023,5.02,5.43,9.85,19.08,1.097,13.28,2.679
119386,Jan-2024,1.52,1.53,6.66,3.74,2.28,3.39,-0.541
119386,Apr-2024,3.25,4.95,3.61,-1.41,0.125,8.22,2.701
119386,Jul-2024,-0.35,-5.25,-2.69,10.16,0.734,5.02,-0.396
119386,Oct-2024,3.58,9.05,8.94,11.43,0.525,15.24,0.709
118551,Jan-2020,3.96,8.36,9.87,9.52,2.29,2.14,1.368
118551,Apr-2020,0.95,-3.39,23.55,19.01,2.336,24.33,0.26
118551,Jul-2020,3.69,3.94,3.77,10.97,2.097,17.26,1.194
118551,Oct-2020,-4.95,5.02,-1.73,18.85,1.591,8.34,-0.095
118551,Jan-2021,4.26,-5.33,12.16,17.08,1.31,9.31,2.716
118551,Apr-2021,-0.12,1.25,7.45,29.48,1.15,15.0,1.142
118551,Jul-2021,0.54,-4.13,-5.29,17.06,0.59,18.1,-1.04
118551,Oct-2021,2.85,0.62,2.63,5.78,0.164,16.29,0.711
118551,Jan-2022,2.97,3.56,-2.34,17.41,0.156,-3.69,0.523
118551,Apr-2022,-3.88,-2.66,5.26,13.32,1.493,15.16,1.214
118551,Jul-2022,-0.07,3.72,15.44,-5.35,2.415,8.3,-0.447
118551,Oct-2022,-0.01,-0.93,-0.28,21.62,1.049,0.49,3.185
118551,Jan-2023,2.79,-3.92,8.26,19.58,1.276,13.71,-0.188
118551,Apr-2023,2.83,-1.17,14.3,11.81,2.168,7.66,3.685
118551,Jul-2023,-0.97,8.8,8.49,1.53,0.403,12.28,-2.045
118551,Oct-2023,1.22,6.21,14.9,23.76,1.857,12.0,2.885
118551,Jan-2024,-0.62,12.92,0.76,30.55,1.591,7.29,4.091
118551,Apr-2024,2.57,1.44,6.05,16.39,1.974,20.97,2.928
118551,Jul-2024,-1.11,7.22,-5.23,10.52,1.595,10.68,0.774
118551,Oct-2024,3.17,12.35,8.52,10.75,0.226,17.01,1.013
120178,Jan-2020,-0.31,8.26,15.18,5.37,0.38,11.41,-1.351
120178,Apr-2020,-2.63,-1.7,14.33,19.85,1.289,8.15,4.825
120178,Jul-2020,2.68,0.72,5.97,8.95,1.948,17.92,0.579
120178,Oct-2020,3.75,9.86,17.46,3.44,1.009,16.26,-1.217
120178,Jan-2021,-2.73,3.37,4.11,12.45,1.146,24.96,0.346
120178,Apr-2021,2.96,6.09,-4.82,27.2,1.284,12.94,4.144
120178,Jul-2021,1.06,7.91,-6.13,21.36,1.022,13.2,-0.606
120178,Oct-2021,0.54,2.26,-0.97,17.22,2.155,3.47,2.726
120178,Jan-2022,-0.06,0.82,7.52,14.81,2.309,5.21,4.225
120178,Apr-2022,1.44,6.47,15.5,-3.29,2.056,11.01,4.047
120178,Jul-2022,-1.2,8.18,-0.39,17.62,1.045,11.07,-1.08
120178,Oct-2022,0.09,8.11,17.41,31.59,2.313,13.51,2.622
120178,Jan-2023,6.99,6.1,7.61,11.52,0.417,14.32,-0.379
120178,Apr-2023,-0.68,3.18,3.84,19.37,1.498,13.58,2.725
120178,Jul-2023,1.55,-15.46,0.87,20.37,0.93,17.13,3.779
120178,Oct-2023,0.4,0.55,7.07,13.6,1.065,-2.05,-0.335
120178,Jan-2024,-1.84,-9.09,3.54,0.5,1.251,9.07,2.633
120178,Apr-2024,0.45,-4.96,9.43,35.78,1.505,16.08,1.011
120178,Jul-2024,-0.27,0.7,8.68,3.78,1.643,8.02,-2.786
120178,Oct-2024,-0.83,9.76,7.97,-17.97,0.792,17.42,0.754
119203,Jan-2020,2.77,1.52,8.29,14.32,1.773,15.43,5.329
119203,Apr-2020,2.35,4.02,1.1,22.44,0.254,15.36,3.404
119203,Jul-2020,4.16,8.53,13.79,2.69,1.791,3.77,-2.1
119203,Oct-2020,5.78,-1.43,-0.89,13.5,1.391,25.57,0.816
119203,Jan-2021,2.54,-0.4,-4.63,7.44,0.236,7.65,-2.5
119203,Apr-2021,1.61,1.82,-3.79,14.96,0.567,19.19,-4.551
119203,Jul-2021,-0.99,-3.35,2.43,26.5,1.981,9.15,-0.573
119203,Oct-2021,6.08,-8.0,3.11,6.21,0.974,18.61,-3.008
119203,Jan-2022,-0.18,3.11,1.74,-1.61,0.73,7.43,3.522
119203,Apr-2022,2.75,13.22,7.77,19.3,0.766,22.27,1.526
119203,Jul-2022,0.89,6.2,2.49,9.5,0.524,16.39,2.993
119203,Oct-2022,0.96,4.85,13.72,4.15,1.6,-5.47,3.351
119203,Jan-2023,-1.15,-0.28,6.15,19.57,0.673,2.68,-0.624
119203,Apr-2023,1.89,-0.13,12.85,12.49,2.411,10.51,2.862
119203,Jul-2023,-1.67,13.19,-4.9,7.63,1.562,16.8,2.849
119203,Oct-2023,-2.45,8.49,2.11,17.49,0.53,10.53,3.775
119203,Jan-2024,0.77,5.19,5.08,-2.81,0.126,6.76,4.981
119203,Apr-2024,-2.89,9.63,5.75,17.66,1.287,10.15,-0.162
119203,Jul-2024,7.51,0.05,15.07,24.51,0.694,8.44,6.012
119203,Oct-2024,7.24,5.34,3.74,6.25,0.486,12.39,1.957
118712,Jan-2020,-2.84,3.66,15.01,21.34,2.013,11.35,-2.171
118712,Apr-2020,-0.8,1.8,11.43,7.64,1.835,16.55,0.443
118712,Jul-2020,-1.32,7.56,10.21,12.13,1.703,14.28,2.847
118712,Oct-2020,1.83,4.1,2.75,9.08,1.933,6.23,-1.195
118712,Jan-2021,0.93,8.45,-7.51,10.48,0.172,18.43,6.0
118712,Apr-2021,0.43,13.36,10.19,21.33,2.028,14.72,3.751
118712,Jul-2021,-0.87,-9.53,8.04,12.07,1.291,8.77,-0.263
118712,Oct-2021,-2.31,0.35,25.67,-0.28,1.716,11.67,6.436
118712,Jan-2022,3.42,11.26,4.3,1.49,0.209,11.25,1.527
118712,Apr-2022,0.56,6.45,2.02,5.66,1.767,13.23,1.764
118712,Jul-2022,4.47,11.23,-1.45,14.21,1.334,2.78,0.18
118712,Oct-2022,5.9,0.34,1.41,13.53,0.889,10.17,1.819
118712,Jan-2023,-5.65,6.36,8.55,21.96,1.782,10.19,3.91
118712,Apr-2023,-0.47,3.76,4.13,10.53,0.915,3.46,1.374
118712,Jul-2023,1.96,8.19,6.15,22.72,0.717,12.72,1.703
118712,Oct-2023,3.17,6.21,-0.79,15.95,1.77,20.77,-1.022
118712,Jan-2024,2.82,1.76,8.34,4.34,1.904,13.91,-0.925
118712,Apr-2024,5.55,-4.22,10.76,-7.86,1.351,14.88,3.282
118712,Jul-2024,0.88,2.29,10.97,22.56,1.24,4.26,0.998
118712,Oct-2024,-5.38,-3.34,2.07,21.79,0.229,10.27,2.25
120333,Jan-2020,-0.81,-6.47,1.78,12.91,2.061,10.76,2.63
120333,Apr-2020,3.97,9.1,8.21,3.77,1.832,5.09,-1.187
120333,Jul-2020,1.5,12.94,8.48,13.24,0.578,7.03,4.105
120333,Oct-2020,4.1,3.79,21.66,24.04,2.214,11.14,0.42
120333,Jan-2021,0.81,2.99,4.76,12.07,1.808,8.59,-2.493
120333,Apr-2021,2.44,3.9,6.14,21.98,2.068,7.74,-2.203
120333,Jul-2021,4.27,6.53,16.31,28.24,1.658,7.73,-2.989
120333,Oct-2021,-2.09,1.88,-7.43,4.3,1.339,17.36,-0.293
120333,Jan-2022,1.58,12.82,-5.64,23.77,1.142,19.6,3.917
120333,Apr-2022,-0.79,3.51,-3.22,9.29,1.306,13.82,3.474
120333,Jul-2022,5.95,1.32,15.01,16.41,0.36,11.1,1.79
120333,Oct-2022,-1.31,-1.7,-0.52,9.11,0.861,19.38,-4.628
120333,Jan-2023,1.53,6.14,0.26,11.91,0.819,11.54,3.157
120333,Apr-2023,2.92,0.5,-3.53,15.49,2.319,8.83,2.059
120333,Jul-2023,-0.11,5.03,24.59,20.17,1.8,15.07,1.693
120333,Oct-2023,2.78,5.89,13.04,14.53,2.114,3.19,2.653
120333,Jan-2024,-2.18,6.93,16.37,12.01,1.502,13.55,1.565
120333,Apr-2024,1.42,-0.65,0.29,-0.8,1.074,24.84,-2.233
120333,Jul-2024,-2.33,-0.53,1.69,16.42,2.072,10.81,-0.624
120333,Oct-2024,-0.23,3.2,6.06,31.83,0.103,10.74,-4.742
119644,Jan-2020,1.92,-6.38,10.86,15.28,1.754,8.19,1.567
119644,Apr-2020,3.23,-1.15,11.27,19.08,1.926,21.47,2.789
119644,Jul-2020,-3.82,8.44,2.39,21.18,1.655,-3.85,3.012
119644,Oct-2020,0.54,1.2,4.04,21.1,0.835,18.68,-2.299
119644,Jan-2021,2.09,7.36,12.24,15.66,1.352,8.7,-1.556
119644,Apr-2021,-0.86,-1.31,-0.88,30.23,0.365,18.75,-1.591
119644,Jul-2021,-1.87,-1.69,-0.77,22.31,0.542,10.6,8.268
119644,Oct-2021,1.15,3.8,2.2,6.76,1.71,17.11,2.928
119644,Jan-2022,5.07,-0.09,11.13,16.75,1.124,6.82,-1.097
119644,Apr-2022,2.82,7.86,2.67,19.48,0.296,9.83,-2.097
119644,Jul-2022,-2.74,0.12,3.88,13.67,0.712,10.37,3.198
119644,Oct-2022,-1.08,9.82,13.58,21.8,2.324,11.3,3.307
119644,Jan-2023,0.6,0.0,1.83,7.78,0.38,29.22,-3.381
119644,Apr-2023,-1.74,6.48,2.23,10.83,1.446,18.19,0.816
119644,Jul-2023,3.97,-4.99,2.76,18.45,0.917,6.21,-1.354
119644,Oct-2023,2.22,3.77,1.97,3.05,0.573,15.13,0.667
119644,Jan-2024,4.71,2.82,11.21,16.51,1.987,17.0,-1.543
119644,Apr-2024,-0.46,1.43,9.67,19.68,0.591,6.26,1.696
119644,Jul-2024,-3.41,8.54,5.43,3.47,2.495,13.88,2.215
119644,Oct-2024,-1.11,2.93,-0.9,11.67,1.457,24.78,0.971
118890,Jan-2020,2.5,5.46,-5.05,3.65,0.677,14.69,6.363
118890,Apr-2020,4.4,3.72,6.32,10.83,0.666,13.29,1.656
118890,Jul-2020,-2.11,6.51,5.95,17.57,1.175,2.19,0.761
118890,Oct-2020,-0.12,0.86,-0.82,7.45,0.307,16.95,2.444
118890,Jan-2021,2.12,-6.13,20.64,10.32,2.188,16.49,0.921
118890,Apr-2021,7.33,6.34,5.4,10.48,0.911,8.78,0.554
118890,Jul-2021,-0.59,-0.28,2.14,29.95,0.369,13.41,0.131
118890,Oct-2021,-0.45,1.67,19.52,16.62,0.963,13.2,-0.714
118890,Jan-2022,1.51,-1.88,15.37,7.26,0.778,16.88,-0.246
118890,Apr-2022,0.54,-9.69,4.74,19.35,1.995,15.36,1.46
118890,Jul-2022,4.46,-0.17,5.31,0.77,1.619,9.47,3.9
118890,Oct-2022,-0.67,1.38,2.27,14.24,0.952,-8.99,1.38
118890,Jan-2023,4.72,0.93,10.69,24.6,2.421,8.08,3.839
118890,Apr-2023,2.69,3.19,11.28,22.64,1.019,13.83,2.806
118890,Jul-2023,-0.19,9.44,-0.22,12.82,2.375,5.66,3.678
118890,Oct-2023,1.77,10.13,11.29,12.54,1.344,13.61,6.558
118890,Jan-2024,1.45,2.81,5.63,15.7,0.298,9.7,-1.03
118890,Apr-2024,-1.44,7.52,7.18,7.32,1.921,10.52,1.632
118890,Jul-2024,-3.32,-1.96,-3.09,5.9,2.425,5.79,3.411
118890,Oct-2024,6.72,7.63,3.04,15.89,0.719,8.35,4.812
120712,Jan-2020,7.22,-3.85,17.08,8.68,1.639,13.7,5.369
120712,Apr-2020,2.04,5.56,12.97,23.1,1.749,18.1,0.005
120712,Jul-2020,-4.0,12.62,-0.26,9.2,1.934,8.98,-0.315
120712,Oct-2020,2.59,5.87,11.34,19.01,1.485,9.49,4.298
120712,Jan-2021,-0.36,0.79,13.51,13.83,0.925,9.03,4.31
120712,Apr-2021,2.96,4.68,-1.16,16.17,0.728,6.53,-0.004
120712,Jul-2021,3.29,9.71,-0.4,5.62,2.338,9.54,2.882
120712,Oct-2021,-0.07,6.38,-2.62,18.94,0.947,17.55,1.415
120712,Jan-2022,2.52,4.69,-4.94,26.3,0.172,16.54,-0.498
120712,Apr-2022,1.92,-3.05,8.04,5.54,0.996,8.42,-0.884
120712,Jul-2022,3.02,10.15,5.25,17.59,0.91,5.56,-0.181
120712,Oct-2022,4.12,2.41,1.77,8.32,0.329,0.24,-2.74
120712,Jan-2023,1.34,6.86,24.63,13.63,0.665,11.83,3.257
120712,Apr-2023,4.29,8.17,11.01,14.86,1.832,4.89,-3.52
120712,Jul-2023,7.48,3.26,10.74,-11.22,2.139,18.94,-2.414
120712,Oct-2023,0.25,4.83,-1.85,18.4,2.488,13.95,-2.416
120712,Jan-2024,-1.91,2.88,5.25,11.94,0.122,1.18,3.514
120712,Apr-2024,3.08,6.11,10.01,11.44,1.513,5.89,5.357
120712,Jul-2024,1.14,-4.8,6.8,-4.76,0.738,12.86,0.145
120712,Oct-2024,-1.62,6.31,6.42,-3.48,0.885,6.36,-1.795
121001,Jan-2020,5.28,8.8,4.06,2.73,0.526,9.38,4.54
121001,Apr-2020,5.08,4.33,11.55,12.12,2.47,3.0,2.307
121001,Jul-2020,3.9,0.95,15.31,10.54,0.721,10.67,4.591
121001,Oct-2020,2.68,3.21,7.54,3.3,0.974,8.81,1.015
121001,Jan-2021,2.79,2.68,3.72,-12.53,2.064,13.27,3.535
121001,Apr-2021,1.28,9.23,3.15,13.63,1.941,15.96,2.541
121001,Jul-2021,2.63,4.84,5.65,22.11,1.2,8.23,5.48
121001,Oct-2021,-0.82,3.11,16.71,12.87,0.817,19.19,0.777
121001,Jan-2022,0.54,-6.4,6.11,20.15,0.213,4.31,0.299
121001,Apr-2022,-0.65,2.23,3.38,28.98,0.736,1.56,1.679
121001,Jul-2022,1.08,9.47,5.91,12.34,1.536,5.59,3.494
121001,Oct-2022,1.39,1.0,2.46,26.23,1.886,8.52,3.003
121001,Jan-2023,3.87,5.21,-0.43,-0.15,1.889,13.25,1.698
121001,Apr-2023,6.61,-1.82,-10.66,-2.3,1.397,12.7,4.979
121001,Jul-2023,3.73,-9.31,26.6,10.31,0.368,15.28,1.513
121001,Oct-2023,0.49,-2.06,-2.02,12.5,1.857,21.89,1.742
121001,Jan-2024,7.48,1.32,2.87,19.32,0.736,17.84,5.096
121001,Apr-2024,4.5,10.32,12.72,9.06,1.48,16.19,-0.044
121001,Jul-2024,-0.27,3.04,14.78,15.05,1.301,11.05,0.617
121001,Oct-2024,-2.29,7.48,-0.12,14.61,0.77,16.6,0.645
121002,Jan-2020,-1.82,8.45,1.22,15.39,0.651,7.62,1.241
121002,Apr-2020,-0.09,4.16,6.52,22.28,2.449,19.65,5.512
121002,Jul-2020,1.97,-0.45,6.71,12.88,1.81,11.38,4.957
121002,Oct-2020,1.53,3.73,4.52,11.65,1.999,7.62,3.899
121002,Jan-2021,5.52,0.54,15.46,23.43,2.365,8.18,1.201
121002,Apr-2021,0.84,13.95,6.93,12.35,2.173,6.17,-0.21
121002,Jul-2021,2.28,-3.62,2.34,-2.75,2.461,12.64,2.276
121002,Oct-2021,-2.07,9.31,17.52,14.6,1.408,15.31,3.337
121002,Jan-2022,3.81,6.82,13.75,7.77,1.223,9.28,-4.775
121002,Apr-2022,-0.19,0.73,8.69,21.54,0.449,24.05,0.187
121002,Jul-2022,-4.76,4.89,3.19,4.23,1.048,7.3,-0.212
121002,Oct-2022,5.77,4.12,5.14,28.38,0.479,4.62,-1.816
121002,Jan-2023,0.96,-4.71,-1.21,10.57,1.467,19.75,3.149
121002,Apr-2023,1.19,0.65,9.72,30.04,1.026,9.23,1.106
121002,Jul-2023,0.4,6.24,1.65,17.66,0.767,14.06,-1.216
121002,Oct-2023,0.75,0.87,6.48,8.0,2.406,13.12,-2.545
121002,Jan-2024,-2.79,9.52,5.74,10.49,2.314,11.09,-1.488
121002,Apr-2024,-2.18,6.64,21.21,21.56,0.798,10.64,1.621
121002,Jul-2024,-4.86,3.62,11.09,29.96,1.839,23.58,5.701
121002,Oct-2024,5.38,3.63,9.41,-1.03,1.633,15.4,0.792
121003,Jan-2020,-3.42,11.41,9.84,29.49,1.989,20.21,4.408
121003,Apr-2020,-0.84,0.96,4.0,5.3,0.689,12.25,2.649
121003,Jul-2020,-2.79,7.59,4.13,25.35,1.759,19.99,3.852
121003,Oct-2020,-0.2,10.59,15.04,18.41,0.645,16.8,1.665
121003,Jan-2021,1.35,3.87,6.79,6.21,1.81,1.67,2.248
121003,Apr-2021,-6.07,7.13,10.54,11.28,0.695,10.44,2.546
121003,Jul-2021,-4.67,-7.71,5.35,17.81,1.223,10.94,2.116
121003,Oct-2021,3.56,2.86,11.11,3.84,2.186,8.8,3.437
121003,Jan-2022,-0.93,6.75,-0.19,8.76,0.148,8.0,0.255
121003,Apr-2022,-6.63,7.7,6.17,5.49,2.438,7.27,0.211
121003,Jul-2022,-1.69,9.02,17.04,26.01,2.115,8.42,5.681
121003,Oct-2022,0.61,-4.21,4.01,16.93,1.669,12.88,2.841
121003,Jan-2023,2.43,6.78,5.74,7.45,1.3,7.54,-2.175
121003,Apr-2023,0.94,0.81,6.17,-4.64,2.145,15.06,-2.589
121003,Jul-2023,0.63,-0.65,0.74,14.77,1.006,15.28,-1.255
121003,Oct-2023,-1.45,9.12,5.43,17.29,1.369,14.73,-4.722
121003,Jan-2024,4.65,1.22,-1.74,4.44,0.79,11.34,1.853
121003,Apr-2024,-2.38,7.86,3.33,8.83,0.456,15.98,1.415
121003,Jul-2024,-0.43,1.88,15.53,23.5,0.521,12.89,7.284
121003,Oct-2024,2.59,4.4,5.59,17.21,1.89,18.17,-1.679
121004,Jan-2020,-0.95,-3.5,1.85,10.94,1.486,19.73,6.353
121004,Apr-2020,1.51,2.4,12.46,6.31,2.075,9.8,1.415
121004,Jul-2020,-5.0,8.83,8.68,21.18,0.959,8.01,-0.289
121004,Oct-2020,0.59,3.33,13.09,14.89,0.342,25.13,0.836
121004,Jan-2021,-1.52,-5.93,7.63,20.22,1.189,15.75,1.709
121004,Apr-2021,-4.12,6.63,5.14,3.87,2.374,17.63,-1.369
121004,Jul-2021,2.08,4.52,6.52,9.36,1.032,17.63,2.523
121004,Oct-2021,-4.58,-7.22,-6.0,1.78,1.78,9.28,1.336
121004,Jan-2022,1.1,3.26,15.01,-1.09,1.989,13.97,-1.657
121004,Apr-2022,2.8,5.36,6.7,-7.76,0.88,13.36,2.509
121004,Jul-2022,-8.97,0.84,-3.04,25.64,0.585,20.88,3.882
121004,Oct-2022,1.86,9.18,0.39,7.11,2.039,6.36,-1.815
121004,Jan-2023,0.24,-0.91,20.06,20.98,1.834,5.99,2.347
121004,Apr-2023,4.76,4.95,0.34,1.07,1.814,13.9,0.324
121004,Jul-2023,4.22,6.14,8.66,18.57,1.837,9.01,-1.101
121004,Oct-2023,2.35,-1.63,7.57,12.52,1.719,4.82,2.629
121004,Jan-2024,-2.01,-1.32,6.0,24.75,2.345,1.33,-0.863
121004,Apr-2024,0.04,12.85,9.72,7.22,0.783,21.43,0.899
121004,Jul-2024,0.51,1.47,11.87,9.27,0.924,18.38,3.034
121004,Oct-2024,0.53,-3.49,5.43,7.98,2.199,8.04,0.902
121005,Jan-2020,2.64,0.39,-2.62,5.37,1.555,15.29,-0.894
121005,Apr-2020,5.07,2.3,22.95,16.36,1.13,17.02,5.215
121005,Jul-2020,-0.12,10.5,2.63,10.75,0.102,17.52,0.674
121005,Oct-2020,6.15,10.13,7.28,5.31,2.16,-0.57,3.353
121005,Jan-2021,-1.27,9.78,-2.7,8.04,0.325,15.61,-0.065
121005,Apr-2021,0.2,8.26,14.05,10.83,0.873,3.79,2.134
121005,Jul-2021,3.64,4.26,0.53,30.08,0.344,17.27,2.042
121005,Oct-2021,2.61,-0.43,5.93,16.64,1.94,1.24,5.781
121005,Jan-2022,3.15,3.67,7.69,29.15,1.506,6.19,3.625
121005,Apr-2022,2.59,-1.55,14.62,16.65,1.532,14.94,2.352
121005,Jul-2022,0.94,5.42,11.38,22.23,2.22,10.38,2.098
121005,Oct-2022,4.77,6.65,4.71,14.5,0.699,16.5,1.88
121005,Jan-2023,4.62,0.78,9.3,30.88,2.015,21.73,1.291
121005,Apr-2023,-0.23,9.3,-5.8,15.62,1.563,15.38,-3.756
121005,Jul-2023,-2.84,2.93,10.32,18.63,1.603,16.38,2.592
121005,Oct-2023,0.81,6.19,2.47,19.73,0.333,14.92,2.657
121005,Jan-2024,0.3,6.67,17.8,4.82,0.685,18.52,0.982
121005,Apr-2024,3.6,2.23,15.79,-10.65,1.141,5.33,1.725
121005,Jul-2024,-1.24,10.98,5.4,9.12,1.429,16.39,0.666
121005,Oct-2024,-1.77,-2.13,15.93,17.77,1.455,14.95,-3.372
121006,Jan-2020,0.23,2.01,13.87,0.78,0.321,22.77,-2.798
121006,Apr-2020,1.25,6.0,13.11,-5.48,1.709,10.69,0.792
121006,Jul-2020,7.41,2.42,10.15,12.92,1.04,15.32,3.733
121006,Oct-2020,-1.13,4.26,8.32,-0.83,0.349,17.35,0.346
121006,Jan-2021,9.04,8.32,10.16,27.59,0.511,13.11,-2.035
121006,Apr-2021,3.2,10.48,2.85,-2.43,1.496,22.55,1.7
121006,Jul-2021,5.58,3.6,3.52,33.21,2.273,10.51,2.652
121006,Oct-2021,0.33,7.39,10.12,18.37,1.81,2.03,-0.58
121006,Jan-2022,-1.03,4.96,1.29,0.81,2.046,14.33,3.219
121006,Apr-2022,-0.32,1.5,11.3,15.49,1.564,11.05,-0.579
121006,Jul-2022,4.46,1.94,1.48,22.04,1.514,13.1,-1.011
121006,Oct-2022,5.8,5.38,8.54,10.36,1.886,5.35,-1.509
121006,Jan-2023,6.88,-0.81,13.72,26.41,0.748,6.71,3.074
121006,Apr-2023,5.38,5.21,1.77,16.75,1.477,6.16,0.853
121006,Jul-2023,1.38,-2.51,8.75,18.69,0.447,-0.95,1.761
121006,Oct-2023,6.64,5.79,7.11,10.65,0.218,13.25,3.268
121006,Jan-2024,-2.09,4.11,3.77,17.34,2.15,9.64,2.856
121006,Apr-2024,3.31,3.35,-8.12,19.77,1.579,6.97,0.435
121006,Jul-2024,3.62,7.67,14.68,23.13,1.562,9.12,3.066
121006,Oct-2024,0.94,5.33,6.09,10.08,0.453,5.27,-0.309
121007,Jan-2020,1.0,3.26,10.97,11.43,0.33,19.38,0.244
121007,Apr-2020,1.79,9.56,2.52,7.27,1.272,16.15,4.185
121007,Jul-2020,2.15,2.23,-2.39,15.23,1.804,19.46,4.177
121007,Oct-2020,3.56,14.56,-3.86,16.08,1.737,21.31,0.118
121007,Jan-2021,4.23,1.25,9.94,13.02,0.706,14.0,3.799
121007,Apr-2021,0.87,7.96,14.26,10.25,0.613,16.47,0.421
121007,Jul-2021,3.04,8.69,11.13,15.82,1.583,12.84,-0.918
121007,Oct-2021,3.24,-1.44,10.6,21.96,0.114,1.41,-0.342
121007,Jan-2022,3.25,9.78,-7.57,14.73,1.496,12.54,1.107
121007,Apr-2022,8.28,0.81,14.34,23.08,0.161,12.71,1.501
121007,Jul-2022,-1.03,-0.65,4.13,3.75,1.109,10.83,1.905
121007,Oct-2022,2.53,2.52,1.62,17.83,1.782,9.08,-0.957
121007,Jan-2023,-0.14,2.59,15.02,20.24,1.6,23.4,1.413
121007,Apr-2023,5.44,9.61,15.05,16.89,1.032,12.03,3.625
121007,Jul-2023,-1.17,2.19,18.67,19.61,1.431,4.67,0.42
121007,Oct-2023,2.2,3.29,-1.58,20.84,1.235,10.29,3.489
121007,Jan-2024,7.29,11.13,5.32,4.07,1.357,26.08,4.845
121007,Apr-2024,1.18,11.31,15.18,-3.09,0.312,12.71,-0.666
121007,Jul-2024,1.47,5.57,1.44,12.92,1.227,16.77,0.747
121007,Oct-2024,-3.9,1.26,0.38,2.35,0.346,16.82,-0.917
121008,Jan-2020,-2.61,2.99,-2.26,11.82,1.611,13.83,2.35
121008,Apr-2020,-1.14,3.85,15.96,-4.87,1.763,4.93,5.01
121008,Jul-2020,3.65,7.43,1.03,16.37,2.273,-2.23,1.866
121008,Oct-2020,3.04,-3.57,11.21,14.9,2.424,9.52,1.944
121008,Jan-2021,2.22,-10.54,4.52,14.78,2.495,16.05,1.715
121008,Apr-2021,1.44,7.11,4.12,14.39,2.428,12.33,-3.109
121008,Jul-2021,1.35,3.82,13.3,10.91,2.118,6.15,5.107
121008,Oct-2021,2.07,10.46,17.75,7.31,1.516,11.23,3.036
121008,Jan-2022,-3.0,5.77,9.83,3.87,0.232,14.67,6.683
121008,Apr-2022,0.32,5.15,2.76,16.13,2.367,10.45,7.623
121008,Jul-2022,1.52,-4.32,11.5,24.16,1.863,10.94,-0.793
121008,Oct-2022,-1.48,2.55,4.43,8.98,1.497,17.53,4.667
121008,Jan-2023,-1.17,-1.1,7.54,17.73,2.226,14.08,5.463
121008,Apr-2023,0.54,7.54,10.63,14.86,2.347,7.39,-0.923
121008,Jul-2023,2.5,-4.69,10.58,3.85,0.281,9.62,5.133
121008,Oct-2023,0.57,2.23,13.06,16.64,0.736,9.58,0.514
121008,Jan-2024,8.27,-4.88,-1.42,24.59,1.868,6.46,-2.881
121008,Apr-2024,5.02,-1.73,3.56,14.87,1.85,17.55,1.552
121008,Jul-2024,-1.45,-0.47,16.08,11.49,2.267,11.94,-2.886
121008,Oct-2024,3.44,8.87,19.9,-3.11,0.375,15.83,0.002
121009,Jan-2020,-3.09,4.04,3.85,2.51,1.324,15.4,1.937
121009,Apr-2020,1.75,5.72,-4.84,13.54,0.795,9.73,-0.574
121009,Jul-2020,-1.04,2.03,13.4,27.74,1.731,2.64,-0.848
121009,Oct-2020,3.17,10.0,0.23,15.65,1.55,13.66,-0.109
121009,Jan-2021,1.75,-2.56,-4.44,41.88,2.225,24.81,5.273
121009,Apr-2021,-3.71,5.31,-2.06,11.33,0.28,2.55,-0.637
121009,Jul-2021,-0.44,3.69,-0.25,15.34,1.131,13.64,1.332
121009,Oct-2021,2.22,-3.67,13.66,3.22,2.127,16.62,2.891
121009,Jan-2022,3.0,3.49,1.5,5.52,0.333,12.62,-1.287
121009,Apr-2022,2.75,5.21,4.69,5.92,2.29,17.68,2.306
121009,Jul-2022,1.41,-0.41,10.36,8.29,1.88,18.75,-1.075
121009,Oct-2022,-4.49,10.05,-5.21,10.49,0.367,7.66,7.06
121009,Jan-2023,0.9,5.3,12.53,8.18,0.602,14.26,3.385
121009,Apr-2023,-0.97,5.72,6.94,24.17,0.759,24.19,2.347
121009,Jul-2023,0.82,2.29,6.95,8.34,1.13,11.93,6.359
121009,Oct-2023,-0.1,2.9,3.96,30.82,1.557,12.56,2.282
121009,Jan-2024,-2.18,16.72,0.49,14.3,0.641,9.75,1.859
121009,Apr-2024,0.17,3.23,14.57,10.21,0.975,11.8,1.657
121009,Jul-2024,1.79,2.58,0.96,11.79,0.654,11.75,3.132
121009,Oct-2024,-1.9,2.04,-0.0,25.64,0.297,14.23,2.352
121010,Jan-2020,2.03,-8.22,-7.16,15.05,0.33,8.14,0.439
121010,Apr-2020,-1.96,-2.63,7.0,-3.15,2.034,8.0,1.441
121010,Jul-2020,8.36,-1.41,9.84,15.99,0.379,10.72,5.104
121010,Oct-2020,3.26,7.01,-2.9,14.87,0.262,6.83,-0.066
121010,Jan-2021,1.03,5.78,13.87,22.41,1.041,12.33,0.689
121010,Apr-2021,0.46,-0.4,4.0,17.18,1.793,11.1,-0.519
121010,Jul-2021,4.11,-6.51,14.3,1.1,1.416,9.14,2.302
121010,Oct-2021,7.45,-0.69,-0.0,14.7,0.344,13.07,1.612
121010,Jan-2022,1.71,-1.52,8.25,10.46,2.126,16.79,-1.809
121010,Apr-2022,0.35,6.14,0.13,4.29,0.602,14.07,4.093
121010,Jul-2022,1.9,15.81,2.26,20.66,2.054,21.67,4.899
121010,Oct-2022,3.33,-5.18,11.92,6.63,0.906,3.27,2.175
121010,Jan-2023,0.14,-0.39,11.15,13.54,0.432,16.42,6.26
121010,Apr-2023,2.03,-5.53,-3.91,14.62,2.097,12.81,2.779
121010,Jul-2023,1.02,8.31,11.32,4.82,1.106,2.74,2.62
121010,Oct-2023,0.35,4.3,9.27,16.53,1.516,12.2,1.972
121010,Jan-2024,5.19,12.98,6.88,9.39,0.776,14.7,0.992
121010,Apr-2024,-4.05,9.12,12.71,24.32,1.277,13.14,2.151
121010,Jul-2024,4.22,-2.58,4.53,13.47,2.357,8.77,-0.28
121010,Oct-2024,-0.09,5.85,6.52,0.94,1.211,12.82,1.925
121011,Jan-2020,1.28,1.15,12.51,17.32,1.378,14.22,5.494
121011,Apr-2020,-1.87,1.39,4.65,25.32,0.457,7.25,1.235
121011,Jul-2020,1.51,9.48,4.34,7.81,1.121,9.93,7.909
121011,Oct-2020,2.35,6.49,7.0,15.24,0.484,15.38,2.373
121011,Jan-2021,1.25,1.74,9.97,14.75,0.388,18.3,-0.186
121011,Apr-2021,-2.31,1.51,-0.58,9.88,2.118,10.04,0.712
121011,Jul-2021,1.64,2.47,0.68,24.93,1.356,8.73,-0.715
121011,Oct-2021,-3.2,-4.2,14.33,22.47,1.994,20.2,3.042
121011,Jan-2022,1.81,7.81,11.33,15.38,2.336,11.36,-2.52
121011,Apr-2022,-1.2,12.5,1.21,-2.66,0.513,13.49,2.262
121011,Jul-2022,0.73,8.05,17.71,9.31,1.836,18.71,0.056
121011,Oct-2022,5.73,9.08,-1.69,28.35,2.106,7.88,3.209
121011,Jan-2023,4.32,3.99,2.59,11.66,2.407,17.05,0.485
121011,Apr-2023,-0.76,-3.89,2.84,12.93,0.822,1.53,3.95
121011,Jul-2023,-1.8,-3.05,17.99,21.64,0.363,15.03,4.778
121011,Oct-2023,3.85,1.78,-0.46,2.45,1.938,5.4,-0.494
121011,Jan-2024,0.74,10.49,-3.57,14.27,1.516,8.66,3.825
121011,Apr-2024,-1.35,2.18,7.99,20.31,0.791,19.56,0.387
121011,Jul-2024,2.65,2.55,12.19,32.25,0.458,11.9,0.42
121011,Oct-2024,-0.56,0.0,6.87,7.01,0.349,-6.99,4.962
121012,Jan-2020,6.13,6.74,0.88,2.63,0.343,15.83,4.663
121012,Apr-2020,1.7,7.79,10.11,7.06,1.158,17.67,-0.976
121012,Jul-2020,3.62,2.76,5.17,17.52,2.315,17.33,-0.623
121012,Oct-2020,2.9,-2.3,5.75,12.99,1.164,12.06,0.845
121012,Jan-2021,5.48,1.36,3.7,-2.89,0.327,5.17,-0.849
121012,Apr-2021,0.45,4.7,-0.6,6.59,1.857,8.94,-0.861
121012,Jul-2021,7.63,11.02,16.39,2.35,0.72,4.78,6.107
121012,Oct-2021,3.69,-1.76,9.59,0.66,1.043,10.95,3.349
121012,Jan-2022,4.16,3.6,5.43,-15.12,0.249,8.05,1.755
121012,Apr-2022,7.98,-2.47,7.15,18.47,2.137,12.01,4.439
121012,Jul-2022,-0.05,6.22,9.9,13.18,1.979,6.75,0.753
121012,Oct-2022,-2.66,1.29,14.97,17.78,1.638,2.41,2.3
121012,Jan-2023,1.01,6.19,16.68,10.32,2.312,17.51,-0.009
121012,Apr-2023,1.46,-6.48,4.84,25.75,1.467,17.4,3.891
121012,Jul-2023,5.25,1.76,13.6,34.23,0.109,4.08,0.013
121012,Oct-2023,2.61,-4.81,1.67,11.03,1.052,22.78,3.22
121012,Jan-2024,-2.14,22.84,6.88,-1.12,0.536,5.81,-1.87
121012,Apr-2024,2.74,-9.83,13.88,21.33,1.393,17.49,-1.232
121012,Jul-2024,-1.33,6.25,5.53,8.37,1.383,19.91,4.7
121012,Oct-2024,2.48,1.72,10.65,6.24,1.239,17.7,6.329
121013,Jan-2020,-1.21,-1.13,10.86,11.54,1.85,19.91,5.757
121013,Apr-2020,1.38,7.9,3.38,15.95,2.214,11.36,6.06
121013,Jul-2020,-2.83,3.48,7.38,19.79,0.685,10.21,0.011
121013,Oct-2020,-5.56,9.31,-3.29,-0.43,0.949,9.99,0.749
121013,Jan-2021,0.36,8.87,3.14,19.36,1.443,13.98,3.757
121013,Apr-2021,5.42,-4.25,4.92,28.39,0.38,10.81,1.51
121013,Jul-2021,2.09,1.64,10.83,18.41,1.216,9.06,0.365
121013,Oct-2021,0.43,4.85,8.26,7.52,2.438,12.03,5.159
121013,Jan-2022,5.52,-1.8,3.57,10.24,1.149,16.36,1.867
121013,Apr-2022,-0.45,11.76,3.93,20.68,1.309,11.61,3.184
121013,Jul-2022,5.83,5.02,3.58,27.32,0.268,13.02,4.069
121013,Oct-2022,2.17,15.78,7.01,24.35,2.032,14.63,0.595
121013,Jan-2023,0.13,5.98,0.92,8.82,1.903,19.44,1.701
121013,Apr-2023,1.39,-1.79,18.87,23.96,0.894,3.28,2.379
121013,Jul-2023,-1.61,7.36,9.25,18.67,1.446,5.76,-0.102
121013,Oct-2023,2.12,2.29,8.77,4.78,0.702,20.37,2.331
121013,Jan-2024,2.38,5.51,3.42,28.69,0.556,13.06,3.217
121013,Apr-2024,4.02,-2.73,7.39,34.12,1.892,11.36,3.32
121013,Jul-2024,0.22,5.27,3.79,9.72,0.194,22.09,0.299
121013,Oct-2024,4.63,1.34,3.18,17.5,1.523,15.99,1.16
121014,Jan-2020,-0.45,-0.33,20.8,13.69,0.123,17.24,-0.604
121014,Apr-2020,4.6,3.32,-2.69,9.23,1.586,12.49,-0.484
121014,Jul-2020,-1.51,4.96,7.31,24.88,1.13,12.37,2.749
121014,Oct-2020,-3.02,6.98,9.87,22.59,1.033,10.21,0.772
121014,Jan-2021,5.5,4.91,-3.47,19.8,0.514,18.51,2.847
121014,Apr-2021,4.92,8.69,13.56,24.21,1.198,7.84,-1.359
121014,Jul-2021,-1.29,7.15,-8.56,13.86,2.293,19.34,1.207
121014,Oct-2021,0.09,10.08,6.36,11.72,0.807,13.71,0.671
121014,Jan-2022,0.22,10.75,7.34,9.97,1.507,13.19,0.101
121014,Apr-2022,0.1,-0.76,8.38,2.27,1.758,8.72,3.292
121014,Jul-2022,2.66,4.02,12.92,28.01,0.957,4.13,-0.013
121014,Oct-2022,-0.25,6.69,3.34,8.95,2.11,13.79,3.087
121014,Jan-2023,-2.43,0.93,-6.27,-7.53,1.681,13.89,1.931
121014,Apr-2023,5.96,-4.88,-7.56,3.89,0.33,8.32,2.957
121014,Jul-2023,2.09,8.64,9.6,10.36,1.683,14.62,-2.325
121014,Oct-2023,-8.33,5.45,8.64,28.12,0.548,13.86,0.72
121014,Jan-2024,-1.23,2.1,13.69,18.17,0.297,12.64,-0.749
121014,Apr-2024,4.68,8.85,8.3,19.0,1.146,9.19,0.85
121014,Jul-2024,-1.53,2.18,14.22,21.57,1.132,17.76,0.587
121014,Oct-2024,-2.32,2.72,6.46,20.08,1.819,18.06,-3.537
121015,Jan-2020,-1.19,3.04,10.36,32.85,0.995,7.74,0.442
121015,Apr-2020,-1.04,-0.94,7.32,22.85,1.96,6.84,1.009
121015,Jul-2020,-1.92,8.42,17.3,-0.36,2.011,7.33,1.657
121015,Oct-2020,0.94,-3.21,15.46,12.63,0.494,12.7,-0.676
121015,Jan-2021,0.65,-5.69,-9.5,5.27,2.037,1.46,0.256
121015,Apr-2021,-0.4,3.19,11.3,29.41,0.499,6.1,3.166
121015,Jul-2021,5.4,-2.1,-0.45,1.21,0.903,14.24,5.208
121015,Oct-2021,3.88,5.43,7.32,17.52,2.034,19.82,1.448
121015,Jan-2022,1.99,1.46,7.79,11.69,1.803,17.24,5.221
121015,Apr-2022,1.09,5.16,13.03,12.71,0.126,10.7,0.126
121015,Jul-2022,2.76,6.06,13.46,13.97,1.822,18.65,-0.336
121015,Oct-2022,-1.06,0.84,-5.21,12.04,2.011,9.4,4.845
121015,Jan-2023,5.03,7.95,-6.54,26.9,1.336,22.07,-0.01
121015,Apr-2023,0.78,3.95,0.47,-0.58,1.898,12.4,8.882
121015,Jul-2023,-3.81,-4.77,11.0,1.19,0.657,-5.25,2.232
121015,Oct-2023,-2.01,6.72,6.47,14.77,2.299,10.35,-0.737
121015,Jan-2024,-1.2,-1.97,17.6,10.43,0.311,13.55,-0.509
121015,Apr-2024,1.07,2.15,17.43,10.55,2.406,16.26,-1.916
121015,Jul-2024,1.76,-0.29,-1.46,3.16,2.325,27.86,-0.513
121015,Oct-2024,1.85,5.05,3.29,26.67,0.996,8.41,5.836
121016,Jan-2020,-0.44,-1.35,6.02,21.82,2.24,16.43,2.066
121016,Apr-2020,5.26,6.15,17.71,6.28,0.727,11.99,-0.635
121016,Jul-2020,-1.82,5.41,11.66,15.01,0.816,5.38,0.522
121016,Oct-2020,-2.34,4.2,10.42,26.08,1.219,14.23,5.09
121016,Jan-2021,-1.81,-2.68,-3.32,19.62,1.747,14.87,0.96
121016,Apr-2021,6.6,7.44,1.37,11.28,0.671,5.59,4.455
121016,Jul-2021,0.45,7.54,5.63,9.29,0.534,22.39,0.762
121016,Oct-2021,10.44,4.26,1.04,-0.27,1.581,10.84,3.557
121016,Jan-2022,8.17,6.84,9.36,25.04,2.359,4.42,4.832
121016,Apr-2022,1.06,11.21,10.55,24.72,2.5,8.84,0.938
121016,Jul-2022,-3.35,6.32,13.84,8.99,0.447,-1.29,1.112
121016,Oct-2022,-2.55,6.09,9.34,14.14,2.102,13.45,1.984
121016,Jan-2023,2.16,0.59,13.94,5.75,1.125,19.31,-1.066
121016,Apr-2023,-2.83,-1.72,19.72,8.52,1.535,14.2,-5.31
121016,Jul-2023,-1.66,10.57,0.31,11.65,1.235,13.77,0.169
121016,Oct-2023,2.84,10.73,-0.43,9.64,1.945,16.2,1.583
121016,Jan-2024,0.82,-4.25,-0.93,15.73,0.391,6.91,0.645
121016,Apr-2024,1.01,15.21,3.52,26.48,0.936,16.82,-0.619
121016,Jul-2024,1.61,1.55,21.1,17.7,1.354,22.71,0.619
121016,Oct-2024,2.85,7.01,9.43,13.04,1.882,8.22,4.284
121017,Jan-2020,0.36,10.19,14.32,18.94,1.339,18.62,2.928
121017,Apr-2020,-8.45,-0.59,8.18,16.52,0.671,21.29,2.967
121017,Jul-2020,-5.05,4.49,15.51,15.0,1.036,9.03,3.873
121017,Oct-2020,0.14,6.46,10.0,14.49,1.719,13.21,4.693
121017,Jan-2021,3.23,8.7,1.65,6.56,1.022,16.5,2.829
121017,Apr-2021,-1.05,7.4,2.61,20.06,0.329,10.65,0.16
121017,Jul-2021,1.6,3.92,-0.33,19.42,1.895,17.16,2.288
121017,Oct-2021,-0.15,4.14,6.08,15.12,0.502,11.35,-3.093
121017,Jan-2022,3.6,5.49,8.05,3.43,1.553,7.71,0.041
121017,Apr-2022,-0.27,-2.41,22.06,27.52,1.373,11.8,6.066
121017,Jul-2022,6.07,-0.2,8.73,12.36,0.742,11.01,1.286
121017,Oct-2022,1.83,4.58,17.07,6.74,1.22,5.55,2.092
121017,Jan-2023,4.33,6.35,4.79,16.56,0.999,8.45,2.916
121017,Apr-2023,4.1,1.56,19.15,32.66,1.133,18.58,-2.822
121017,Jul-2023,-2.76,3.08,2.4,19.63,1.599,10.75,3.049
121017,Oct-2023,0.67,0.79,20.35,11.23,2.354,14.74,2.455
121017,Jan-2024,0.68,15.26,8.47,23.13,0.458,19.62,0.673
121017,Apr-2024,-1.99,7.33,9.09,21.16,2.316,14.88,-2.486
121017,Jul-2024,-0.24,-0.02,10.47,9.64,1.811,8.59,2.996
121017,Oct-2024,1.59,-0.23,12.87,28.09,1.759,-1.84,2.093
121018,Jan-2020,0.77,-6.68,-2.03,21.19,0.771,12.48,-0.125
121018,Apr-2020,4.45,-2.65,0.78,11.14,0.867,6.71,4.154
121018,Jul-2020,-1.33,7.4,11.44,12.48,1.509,12.38,-3.777
121018,Oct-2020,-0.39,4.72,13.09,12.63,0.911,7.87,0.329
121018,Jan-2021,3.07,5.25,6.85,19.67,2.2,3.99,-1.276
121018,Apr-2021,3.01,-3.37,4.33,12.97,2.464,1.99,-1.437
121018,Jul-2021,-4.23,6.56,9.78,7.16,0.636,19.0,2.601
121018,Oct-2021,-0.66,9.44,7.96,16.86,1.409,2.9,-2.425
121018,Jan-2022,7.45,-0.64,7.46,18.14,0.405,11.07,1.059
121018,Apr-2022,2.64,-1.7,3.92,-6.73,1.538,4.21,3.634
121018,Jul-2022,0.38,6.99,9.69,16.34,2.368,12.45,2.136
121018,Oct-2022,7.8,1.77,12.13,12.89,0.22,17.22,6.229
121018,Jan-2023,1.99,0.08,10.27,16.51,0.379,16.45,-0.834
121018,Apr-2023,5.02,7.38,13.55,18.0,2.345,14.64,0.864
121018,Jul-2023,1.6,2.92,9.39,14.71,2.257,10.91,1.491
121018,Oct-2023,-4.14,8.62,9.44,8.5,1.064,8.95,0.23
121018,Jan-2024,2.32,10.65,8.96,7.02,1.971,17.09,2.511
121018,Apr-2024,4.08,5.47,12.4,32.12,2.162,26.44,3.841
121018,Jul-2024,9.07,-1.42,9.68,15.43,0.256,14.82,2.394
121018,Oct-2024,3.54,2.97,3.39,18.08,1.511,11.25,-2.103
121019,Jan-2020,1.37,-1.14,6.77,4.23,1.303,17.4,0.01
121019,Apr-2020,-1.6,7.41,13.39,17.82,2.004,8.22,0.671
121019,Jul-2020,1.02,-5.13,0.12,25.26,1.101,19.36,4.039
121019,Oct-2020,0.26,2.01,13.77,20.83,1.845,11.92,1.856
121019,Jan-2021,0.43,3.23,2.2,13.33,1.338,9.25,3.478
121019,Apr-2021,-3.03,5.19,0.55,6.37,2.294,14.83,-4.144
121019,Jul-2021,1.71,3.73,0.21,15.64,1.594,11.74,-1.627
121019,Oct-2021,7.35,7.81,8.73,5.4,1.654,10.59,2.105
121019,Jan-2022,2.4,4.62,9.4,12.47,2.249,8.17,-1.159
121019,Apr-2022,6.74,5.58,19.64,11.53,1.294,12.48,4.365
121019,Jul-2022,1.3,4.32,6.19,9.56,0.966,11.95,3.576
121019,Oct-2022,3.91,10.57,9.95,0.4,1.392,11.85,1.531
121019,Jan-2023,5.16,9.18,5.99,35.87,1.092,10.39,-1.231
121019,Apr-2023,-3.48,-2.4,14.09,20.67,0.302,12.6,3.516
121019,Jul-2023,-4.9,12.36,14.37,21.29,2.118,-0.25,0.954
121019,Oct-2023,4.98,3.46,12.2,27.03,0.273,10.45,2.939
121019,Jan-2024,-3.81,5.95,12.25,15.36,0.878,13.67,1.867
121019,Apr-2024,6.7,-1.29,16.74,25.82,0.324,9.57,2.357
121019,Jul-2024,-1.21,0.69,7.92,6.05,0.871,5.39,3.132
121019,Oct-2024,6.1,14.48,-0.23,6.28,1.613,16.93,1.27
121020,Jan-2020,4.43,6.73,-4.58,15.52,2.468,9.29,0.754
121020,Apr-2020,3.76,3.92,4.53,33.88,0.665,14.4,3.449
121020,Jul-2020,2.04,-0.43,1.14,20.59,1.499,12.35,-1.516
121020,Oct-2020,1.56,11.63,0.73,12.14,1.135,19.19,0.453
121020,Jan-2021,2.98,11.01,-2.6,3.2,2.204,18.55,2.609
121020,Apr-2021,4.74,-4.46,10.2,-10.63,1.258,19.8,0.955
121020,Jul-2021,-5.4,3.01,15.59,18.72,0.35,10.88,6.851
121020,Oct-2021,-4.54,0.25,-1.3,21.61,2.047,18.7,3.489
121020,Jan-2022,2.07,3.48,0.39,20.38,1.673,17.22,5.501
121020,Apr-2022,0.58,10.61,9.04,20.29,2.132,8.49,0.011
121020,Jul-2022,5.54,2.25,12.11,14.23,2.007,3.78,-3.019
121020,Oct-2022,0.49,2.61,1.56,16.22,1.524,21.57,1.712
121020,Jan-2023,1.56,7.01,9.15,20.33,0.157,12.92,0.02
121020,Apr-2023,2.43,-7.57,9.18,-4.18,0.511,6.41,4.813
121020,Jul-2023,1.61,3.74,10.17,6.65,2.491,16.45,0.241
121020,Oct-2023,-1.83,1.63,6.25,4.24,0.479,8.45,0.994
121020,Jan-2024,0.62,5.94,7.22,17.62,0.807,10.83,3.209
121020,Apr-2024,-7.03,1.71,3.01,15.07,0.887,15.29,3.313
121020,Jul-2024,-2.95,4.62,-1.97,18.32,0.815,7.17,-2.776
121020,Oct-2024,0.92,-2.29,-3.38,15.67,1.507,14.37,-2.077
